date,product_id,category,daily_active_users,click_through_rate,avg_session_duration,conversion_rate,is_anomaly,zscore,zscore_anomaly,yhat,yhat_lower,yhat_upper,prophet_anomaly
2022-01-01,google_product_001,Search,815,0.1523590557094827,6.024309623286852,0.0337226609391549,0,-1.8430812588188643,1,701.3828285172248,298.7217234520482,1084.1101364907377,0
2022-01-02,google_product_001,Search,758,0.0900539794640367,2.636825995407189,0.0371196112607792,0,-1.890795527768149,1,794.7265407106878,404.90921522146164,1170.320820280232,0
2022-01-03,google_product_001,Search,1162,0.1774898302410744,4.189706167610396,0.0541853134514803,0,-1.5526101829346224,1,1001.267984054261,602.6956961444499,1407.9961501473235,0
2022-01-04,google_product_001,Search,1584,0.1603946542769397,3.338017822203391,0.0151219134346492,0,-1.1993571742223743,0,1291.8783042296805,882.4127004036341,1708.5527128720062,0
2022-01-05,google_product_001,Search,1303,0.1799403032957895,4.425887206193035,0.0527696538608818,0,-1.4345801492179708,0,1316.6639885515388,918.4714740269264,1713.3574081582217,0
2022-01-06,google_product_001,Search,1153,0.0631123386541893,4.0191477774157525,0.043380234811017,0,-1.5601440148739831,1,1208.8498152021807,817.4462442392453,1618.716039283988,0
2022-01-07,google_product_001,Search,1267,0.2126512411434218,3.3585130909556904,0.0279297835214278,0,-1.4647154769754138,0,979.0805097594243,609.6491453373019,1367.515022119071,0
2022-01-08,google_product_001,Search,955,0.1458123111553448,4.487872284871074,0.0292468760695076,0,-1.7258883175399193,1,778.510512134037,391.6091823281922,1186.890135697195,0
2022-01-09,google_product_001,Search,777,0.1832454845021255,5.804348109786743,0.056763930272082,0,-1.8748907714517207,1,872.4644877184296,480.0885254472079,1288.2255303987315,0
2022-01-10,google_product_001,Search,1227,0.118802822186234,3.809096208272701,0.0305449312005726,0,-1.4981991744836838,0,1079.4245878928737,702.5920801522607,1474.731195336008,0
2022-01-11,google_product_001,Search,1272,0.1683832171518771,4.719757942148182,0.0284664948940404,0,-1.46053001478688,0,1370.271815796309,967.7824583082635,1753.2507067711288,0
2022-01-12,google_product_001,Search,1342,0.1183975331047903,2.7067270421288363,0.0513731454236472,0,-1.4019335441474077,0,1395.1306347339032,1021.5920843451753,1803.051701393076,0
2022-01-13,google_product_001,Search,1333,0.1312869311791258,3.043563623181991,0.0433855287628591,0,-1.4094673760867684,0,1287.251117481287,886.1852766037734,1684.682819076026,0
2022-01-14,google_product_001,Search,654,0.2074209406160035,4.472406277880378,0.030620744234636,0,-1.9778531412896507,1,1057.3095502041922,660.4799984952917,1481.4519266387747,1
2022-01-15,google_product_001,Search,541,0.1442795279770996,5.484116028535965,0.0421662497540461,0,-2.0724445867505135,1,856.4969294272156,457.4974972883677,1254.3552233042458,0
2022-01-16,google_product_001,Search,843,0.1565229861953916,4.35561334878566,0.0297424731635972,0,-1.8196426705630753,1,950.1780279395058,572.0562788960298,1350.7977978484653,0
2022-01-17,google_product_001,Search,1000,0.1761020319206626,3.6869419694768455,0.051008213984226,0,-1.6882191578431156,1,1156.8770821961702,733.1678528128502,1553.8417432703013,0
2022-01-18,google_product_001,Search,1511,0.1648704566391781,3.999291405423354,0.0506137096487313,0,-1.260464922174967,0,1447.5175085570158,1057.2006447155898,1842.8457387754222,0
2022-01-19,google_product_001,Search,1337,0.1545125671543072,2.7495922660302825,0.0453200619882194,0,-1.4061190063359414,0,1472.2648394389694,1079.0644872800665,1857.6866327691753,0
2022-01-20,google_product_001,Search,1085,0.1609488300739867,4.604515326355367,0.0436166106124701,0,-1.6170663006380421,1,1364.4072320648693,963.066006886366,1755.637207301568,0
2022-01-21,google_product_001,Search,1412,0.2221024675571482,4.88233306232341,0.0576118812486737,0,-1.3433370735079353,0,1134.6545169550957,733.493437466944,1532.0922744401537,0
2022-01-22,google_product_001,Search,923,0.1482714360889924,3.54790966716692,0.0399968632738822,0,-1.7526752755465353,1,934.2252754001436,541.7964393819749,1327.1827133916806,0
2022-01-23,google_product_001,Search,3052,0.156032971401449,3.529957852240498,0.0281812587457919,1,0.029494524331132775,0,1028.5046684281288,630.8028836711608,1428.2113638663525,1
2022-01-24,google_product_001,Search,999,0.1815196318802283,4.265878229652048,0.044494739128323,0,-1.6890562502808224,1,1236.0291108559256,854.6262548809256,1652.0287916853074,0
2022-01-25,google_product_001,Search,1421,0.1831657779887395,3.5632802639594043,0.0608604704953711,0,-1.3358032415685746,0,1527.725231940306,1126.9044106828658,1907.2275533507466,0
2022-01-26,google_product_001,Search,1622,0.1856109091668114,3.9338673853741777,0.0298524050681414,0,-1.167547661589518,0,1553.7523399625595,1164.150489989945,1933.416866880165,0
2022-01-27,google_product_001,Search,1219,0.1691619066608755,6.099721789166516,0.0363853723330601,0,-1.5048959139853377,1,1447.38276104185,1049.41518997047,1823.441163798204,0
2022-01-28,google_product_001,Search,1275,0.1157098526180854,3.7529742992540034,0.0441644603810145,0,-1.4580187374737599,0,1219.301027624816,811.7720722938511,1611.54049474546,0
2022-01-29,google_product_001,Search,929,0.1990029459690328,3.6416598479787776,0.0394609515099426,0,-1.7476527209202948,1,1020.691404745891,616.387085556265,1444.6563574138395,0
2022-01-30,google_product_001,Search,1059,0.1156096382094393,3.352458194364841,0.0301769641962268,0,-1.6388307040184176,1,1116.8964659213111,714.9207887464959,1519.2634561293203,0
2022-01-31,google_product_001,Search,1243,0.159079063957171,4.744191971499937,0.0512185785623047,0,-1.4848056954803757,0,1326.4027924683649,923.4997019495495,1701.2141937629383,0
2022-02-01,google_product_001,Search,1979,0.1273717244994192,3.818775826781897,0.0632004072201725,0,-0.8687056613282087,0,1620.081209356203,1247.1770263056264,2015.0029003308223,0
2022-02-02,google_product_001,Search,1675,0.1480758496022102,3.350626961678574,0.041961314590239,0,-1.1231817623910603,0,1648.0307388205256,1245.297085104899,2029.147952121005,0
2022-02-03,google_product_001,Search,1315,0.1598628723091044,5.321304032273012,0.0309593171026399,0,-1.42453503996549,0,1543.4605992149313,1135.3597764285187,1931.9073048585692,0
2022-02-04,google_product_001,Search,1441,0.1596407164635082,5.419603004513637,0.0245103947494652,0,-1.3190613928144395,0,1316.991176370764,910.0794325824837,1742.7455921100025,0
2022-02-05,google_product_001,Search,881,0.1626576226270585,3.399576434261295,0.0425797598122118,0,-1.787833157930219,1,1119.7434033981442,695.2230834347465,1536.251677522436,0
2022-02-06,google_product_001,Search,1236,0.1984113380717594,2.1334600486393835,0.0510387734331625,0,-1.490665342544323,0,1216.9992063033544,819.5556533071436,1597.7421582657942,0
2022-02-07,google_product_001,Search,1047,0.1636060290454193,5.007513689836922,0.0447516774649538,0,-1.6488758132708985,1,1427.189033601156,1027.6385006395217,1820.5795372263199,0
2022-02-08,google_product_001,Search,1418,0.1426753009412805,3.315370174239996,0.0399759615908114,0,-1.3383145188816947,0,1721.1338290402612,1303.356491309944,2099.555567652451,0
2022-02-09,google_product_001,Search,1792,0.1789226150486507,4.790625599162769,0.0341072834821069,0,-1.0252419471793708,0,1748.8905761951646,1342.951090182685,2139.991962528407,0
2022-02-10,google_product_001,Search,1748,0.1856841146677392,2.0298961822881645,0.0290783636728191,0,-1.0620740144384677,0,1643.6356946636142,1274.4080515389346,2059.7498385406348,0
2022-02-11,google_product_001,Search,1384,0.1131717655458902,4.892597338299309,0.0483475132632488,0,-1.3667756617637241,0,1415.96717256912,983.2812587310192,1822.1926946449148,0
2022-02-12,google_product_001,Search,1175,0.1679220020954957,2.7888280707192186,0.0491377162138558,0,-1.5417279812444347,1,1216.9948355312033,797.9734589186189,1634.450677097127,0
2022-02-13,google_product_001,Search,1205,0.1710351822693269,4.730764119066524,0.0245427021330926,0,-1.5166152081132322,1,1312.0013813872363,902.8803605823723,1700.8873351034047,0
2022-02-14,google_product_001,Search,1214,0.1410730948992002,4.014273067836434,0.0558983897818068,0,-1.5090813761738715,1,1519.430179719202,1124.6444596399017,1912.908745600296,0
2022-02-15,google_product_001,Search,1610,0.1912712043993485,3.0460605806033554,0.04574071220894,0,-1.1775927708419989,0,1810.1271846454538,1389.1135627338692,2214.0013656041347,0
2022-02-16,google_product_001,Search,1730,0.1454983323890241,3.59296368707322,0.0539959464514579,0,-1.077141678317189,0,1834.186089417266,1434.9506669405941,2247.533415161769,0
2022-02-17,google_product_001,Search,1880,0.1537672936041462,4.686318456956701,0.0265787225151488,0,-0.9515778126611768,0,1724.8310111741193,1324.115741783687,2150.5757721224427,0
2022-02-18,google_product_001,Search,1487,0.1448078452714839,4.105894453115234,0.0263417584458456,0,-1.2805551406799291,0,1492.7176087734902,1104.6462478323433,1907.3582408017917,0
2022-02-19,google_product_001,Search,913,0.150467371427444,4.584412980472484,0.038510306902327,0,-1.761046199923603,1,1289.0220607188996,894.4772757449653,1680.7575601246615,0
2022-02-20,google_product_001,Search,1397,0.1171117473931439,5.976440584515485,0.0450278442689519,0,-1.3558934600735364,0,1379.1005673603158,976.0268637607436,1776.8152901014657,0
2022-02-21,google_product_001,Search,1499,0.1067984735221711,2.4357583882889484,0.0579636082292696,0,-1.270510031427448,0,1581.475418225788,1147.636217444473,1986.904916890415,0
2022-02-22,google_product_001,Search,1684,0.1978351518967491,5.617212574968624,0.0470607891381513,0,-1.1156479304516995,0,1867.0750204942563,1469.9534759803587,2275.357167094294,0
2022-02-23,google_product_001,Search,2009,0.1245911595504501,4.104355937523213,0.0375731872318796,0,-0.8435928881970062,0,1886.0770690420427,1482.3325509680528,2284.3663303162607,0
2022-02-24,google_product_001,Search,1939,0.1202582295163107,3.101215951676872,0.029736307923341,0,-0.9021893588364785,0,1771.7892011375768,1386.059991289686,2185.554388433135,0
2022-02-25,google_product_001,Search,1667,0.0853982965918885,2.66968637426101,0.0523000057271915,0,-1.1298785018927142,0,1534.9480946573626,1144.9017366219482,1953.353911080483,0
2022-02-26,google_product_001,Search,1159,0.1308311475693149,3.810879609222967,0.0303529457424928,0,-1.5551214602477426,1,1326.8064924232426,937.3844924658672,1723.7407699800915,0
2022-02-27,google_product_001,Search,1332,0.110307306197775,4.92165011192446,0.0562846855477232,0,-1.4103044685244752,0,1412.7908703930489,1025.8864716329913,1838.9177523146175,0
2022-02-28,google_product_001,Search,1703,0.199260454804091,3.8724508796224657,0.0371561535039349,0,-1.0997431741352712,0,1611.4858406008198,1198.8089839930133,2049.9371580549137,0
2022-03-01,google_product_001,Search,2074,0.180294512680279,5.511154930247347,0.0559058207261785,0,-0.7891818797460676,0,1893.8727298607182,1515.8993620502847,2267.1818878108693,0
2022-03-02,google_product_001,Search,349,0.1293554896446682,2.548824309948441,0.0467893129005927,1,-2.233166334790209,1,1910.1715534475593,1503.7252278895917,2285.5419677401314,1
2022-03-03,google_product_001,Search,1753,0.2175730741603292,3.9879110521539456,0.0386300451055754,0,-1.057888552249934,0,1793.7207581712987,1409.4576887245776,2185.897925963598,0
2022-03-04,google_product_001,Search,1317,0.1794529646097478,2.7476065555868807,0.0348060362817387,0,-1.4228608550900763,0,1555.275716829054,1144.7199252173793,1937.2913480779855,0
2022-03-05,google_product_001,Search,1144,0.1402550584947413,4.363631882624968,0.0365909212265392,0,-1.5676778468133439,1,1346.0954708528986,953.1603207501893,1721.405636738118,0
2022-03-06,google_product_001,Search,1611,0.0750178285537928,4.8868873900973,0.0442831669237523,0,-1.1767556784042923,0,1431.600443785838,1038.6019870960697,1842.6519849006863,0
2022-03-07,google_product_001,Search,1962,0.2187282771777222,3.579238206318947,0.0407715649621771,0,-0.8829362327692234,0,1630.3572120754914,1259.6287144619764,2018.4312807353451,0
2022-03-08,google_product_001,Search,1918,0.1083128259970921,1.3957861433728658,0.0340618859193129,0,-0.9197683000283203,0,1913.3177605488236,1507.0849580337986,2325.931152369632,0
2022-03-09,google_product_001,Search,2198,0.1006380375912932,4.198948146796495,0.0383436858968236,0,-0.6853824174704307,0,1930.6624194126437,1513.5561811811506,2355.1424506807475,0
2022-03-10,google_product_001,Search,1914,0.1806771129602892,4.43673855173351,0.0407857702971915,0,-0.9231166697791473,0,1815.6808267806782,1381.6903886759633,2186.0447757845527,0
2022-03-11,google_product_001,Search,1459,0.2231925721901781,4.404294754961698,0.0187126590558518,0,-1.303993728935718,0,1579.0718612017126,1181.8062749953044,1980.6194369131792,0
2022-03-12,google_product_001,Search,1505,0.1915281845553155,5.235782191822154,0.0445816811478869,0,-1.2654874768012077,0,1372.0319975242699,964.6384839088518,1767.3430274584962,0
2022-03-13,google_product_001,Search,1805,0.1669172736015707,2.928946320350951,0.0302027877528319,0,-1.0143597454891828,0,1459.9147607545824,1086.8914126370414,1855.259805481825,0
2022-03-14,google_product_001,Search,1731,0.1678426302499585,4.68021610545045,0.0284666759679425,0,-1.0763045858794824,0,1661.2173124604374,1239.7472163421503,2037.8468301207222,0
2022-03-15,google_product_001,Search,2292,0.1756024667634092,5.192507512477975,0.0231265565288928,0,-0.6066957283259963,0,1946.821545365578,1534.7665942943472,2334.018017682833,0
2022-03-16,google_product_001,Search,1519,0.1727678576936029,2.221412415993483,0.022061075021321,0,-1.2537681826733131,0,1966.8388286710242,1552.0894376387403,2354.796507310977,1
2022-03-17,google_product_001,Search,2051,0.1584357427190812,4.319651825918977,0.0264455249688771,0,-0.8084350058133227,0,1854.4926971992431,1458.8833855270955,2254.456544262531,0
2022-03-18,google_product_001,Search,1649,0.1531260331185562,3.4958201689923287,0.032909790423695,0,-1.1449461657714357,0,1620.4203801216495,1221.766784903271,2021.944790743777,0
2022-03-19,google_product_001,Search,1416,0.1481222061630143,3.918477326898354,0.0595325913752656,0,-1.339988703757108,0,1415.7625785100577,1020.8099211166531,1836.0554646071673,0
2022-03-20,google_product_001,Search,1557,0.1273810623339997,4.347676483538336,0.0347412032410479,0,-1.2219586700404566,0,1505.8241278316314,1089.102069232684,1951.273171368043,0
2022-03-21,google_product_001,Search,1381,0.1415797476939967,3.512771435886448,0.0417775010626803,0,-1.3692869390768445,0,1709.0615489798674,1301.6065028750365,2090.5886875809106,0
2022-03-22,google_product_001,Search,1975,0.0992112955741384,3.3242919208383883,0.0440048138650632,0,-0.8720540310790357,0,1996.3248383849768,1594.410633053867,2414.7958910787256,0
2022-03-23,google_product_001,Search,2153,0.1470498111961575,4.034152417488024,0.0413106518621584,0,-0.7230515771672343,0,2017.702625495954,1642.6857383883826,2406.1782635280006,0
2022-03-24,google_product_001,Search,2220,0.1203422667854724,2.912754061137197,0.03922556539274,0,-0.6669663838408822,0,1906.4049834118914,1514.1631403781573,2289.660340302318,0
2022-03-25,google_product_001,Search,1565,0.1168923204835268,2.9141748711148145,0.0280470623640075,0,-1.2152619305388026,0,1673.0647907827447,1263.5318298655627,2058.840811447806,0
2022-03-26,google_product_001,Search,1349,0.1553968245346043,4.679373282956504,0.0545092754827921,0,-1.3960738970834603,0,1468.8270652363344,1082.0601712458183,1895.3721886450599,0
2022-03-27,google_product_001,Search,1473,0.1917600685903379,2.851205964841344,0.0580719664363788,0,-1.2922744348078234,0,1559.0089238970222,1183.206684710426,1966.7298146047788,0
2022-03-28,google_product_001,Search,1995,0.1775494981800693,4.666312500909212,0.0231734130587731,0,-0.8553121823249007,0,1762.0862017431732,1346.6116683479552,2144.3939800330027,0
2022-03-29,google_product_001,Search,2117,0.1028849818913046,4.462591292853952,0.0297597140911362,0,-0.7531869049246773,0,2048.9341124247967,1632.5810378230974,2422.788355270867,0
2022-03-30,google_product_001,Search,2007,0.1203111559028898,2.2741932712094037,0.0372018965762299,0,-0.8452670730724197,0,2069.6711196661972,1636.8361872640949,2454.440591133556,0
2022-03-31,google_product_001,Search,2057,0.1782231356396464,3.322435347664345,0.030354622050898,0,-0.8034124511870823,0,1957.5403494063967,1550.628207274773,2348.6582184718577,0
2022-04-01,google_product_001,Search,1718,0.1205253781938507,5.1941094030473725,0.0450596555345586,0,-1.0871867875696701,0,1723.2094883151292,1329.0375937894007,2099.169554777625,0
2022-04-02,google_product_001,Search,1733,0.1432610055000892,3.0188344688603186,0.0327172779759338,0,-1.0746304010040688,0,1517.8586381088605,1098.8193485725374,1891.3572858651796,0
2022-04-03,google_product_001,Search,1460,0.1665015629707365,3.5355957376906124,0.061650560678066,0,-1.3031566364980112,0,1606.8388305351918,1205.7967633357102,1999.4595644977194,0
2022-04-04,google_product_001,Search,1773,0.1209496663540909,4.462060893251897,0.0519054859434359,0,-1.0411467034957989,0,1808.6572816655762,1407.5212377300008,2228.978603490639,0
2022-04-05,google_product_001,Search,1998,0.1531612651843787,4.783390509282596,0.0421257403063221,0,-0.8528009050117804,0,2094.2168151339456,1712.6236419847542,2501.361421940857,0
2022-04-06,google_product_001,Search,1845,0.1099792351524538,3.748461113955504,0.0502698626331973,0,-0.980876047980913,0,2113.658663174549,1725.3560211549068,2519.5383788385748,0
2022-04-07,google_product_001,Search,2037,0.1319589706814636,3.4024898053083583,0.051059004243573,0,-0.8201542999412172,0,2000.2430107945684,1586.6873756706457,2382.6258690896493,0
2022-04-08,google_product_001,Search,1773,0.1595934580242761,5.422369861698508,0.0343605251194175,0,-1.0411467034957989,0,1764.648257299693,1356.482847452787,2164.8871163809654,0
2022-04-09,google_product_001,Search,1562,0.1022101879940499,5.738899663797579,0.0318378275545803,0,-1.217773207851923,0,1558.0584856236783,1129.406250881692,1950.6159908632508,0
2022-04-10,google_product_001,Search,1574,0.1632142421388119,4.978858050781795,0.0407814306296964,0,-1.2077280985994419,0,1645.8218572148128,1248.2359459078348,2054.130112164474,0
2022-04-11,google_product_001,Search,1575,0.1494108660321995,4.085318142565024,0.0486163612449794,0,-1.206891006161735,0,1846.436015419904,1445.6023037480136,2219.048697933044,0
2022-04-12,google_product_001,Search,2010,0.1665746986325144,3.191734278359074,0.0413906039865341,0,-0.8427557957592995,0,2130.787922567086,1739.2993990179305,2530.7476675734515,0
2022-04-13,google_product_001,Search,2086,0.1567174240219398,3.1695555934434347,0.02423003517809,0,-0.7791367704935865,0,2148.9973266119105,1712.9411264501316,2542.4374261170224,0
2022-04-14,google_product_001,Search,1833,0.1909242128992153,4.522514105265757,0.0319717555604915,0,-0.990921157233394,0,2034.2982014336935,1624.1608573765052,2407.9716340667846,0
2022-04-15,google_product_001,Search,1703,0.1537567350794372,4.418398220888684,0.0392602713640562,0,-1.0997431741352712,0,1797.3391062319115,1430.661979764838,2172.3876174897064,0
2022-04-16,google_product_001,Search,1655,0.1371178337662424,5.40159859294643,0.0392433439567417,0,-1.1399236111451954,0,1589.2719189791271,1180.0632602759724,1988.7171025086652,0
2022-04-17,google_product_001,Search,2011,0.1536689250909685,4.650450092536139,0.059725421767898,0,-0.8419187033215927,0,1675.4116205549594,1269.6288554526975,2045.4250142220887,0
2022-04-18,google_product_001,Search,1905,0.1662989408710916,2.4969196982401822,0.02614012057601,0,-0.930650501718508,0,1874.2231672287044,1476.2707119863846,2276.126062115817,0
2022-04-19,google_product_001,Search,2157,0.1514658021097711,5.051947617722918,0.0450558924183587,0,-0.7197032074164074,0,2156.562827887366,1769.0843055539651,2538.5255955417474,0
2022-04-20,google_product_001,Search,2149,0.1512177507361164,3.001939372685587,0.0548911310832829,0,-0.7263999469180613,0,2172.5231323348125,1771.041897101803,2581.2398114913954,0
2022-04-21,google_product_001,Search,1619,0.1289402493657973,3.616028728047648,0.0627144974542279,0,-1.1700589389026381,0,2055.3157246988403,1650.526638240719,2431.7151497760974,1
2022-04-22,google_product_001,Search,1738,0.1301129724734715,4.250200206251694,0.0359560257681603,0,-1.070444938815535,0,1815.573019157566,1426.6280491225766,2197.5865039383452,0
2022-04-23,google_product_001,Search,1594,0.1079218418460092,5.995667489783965,0.044914294527202,0,-1.190986249845307,0,1604.438067773124,1183.5799717593175,2007.6599984664665,0
2022-04-24,google_product_001,Search,2133,0.2024873022956081,7.109918556005361,0.0456976035719864,0,-0.7397934259213693,0,1687.2252764101204,1306.0533824007905,2071.2525038561653,1
2022-04-25,google_product_001,Search,1836,0.1126841029382614,4.606723059136183,0.0419548173155329,0,-0.9884098799202737,0,1882.4079713170727,1457.9823737523136,2293.981089778464,0
2022-04-26,google_product_001,Search,2170,0.1292128440661227,3.816803381279612,0.0390115479876069,0,-0.7088210057262196,0,2160.8601651690374,1759.5051403988464,2557.018095003455,0
2022-04-27,google_product_001,Search,2160,0.128447782032924,4.53450564848055,0.0443597538950004,0,-0.7171919301032871,0,2172.7016483249454,1791.2095485461127,2574.8464520897837,0
2022-04-28,google_product_001,Search,1771,0.1768477313083332,4.887655425873836,0.0146775391478031,0,-1.0428208883712125,0,2051.180687824526,1630.1082077680064,2451.134827461986,0
2022-04-29,google_product_001,Search,1973,0.1411515096512391,3.679332374442808,0.0468206949006263,0,-0.8737282159544492,0,1806.975228547491,1409.4271262738641,2205.1033182055794,0
2022-04-30,google_product_001,Search,1732,0.187432262180212,5.795211355912322,0.0412617790366196,0,-1.0754674934417756,0,1591.2820126178788,1182.3955734988988,2004.4065402469748,0
2022-05-01,google_product_001,Search,1797,0.1297952812726839,4.230070759191402,0.0377752510322173,0,-1.021056484990837,0,1669.4762683343235,1290.053841877893,2078.744539362365,0
2022-05-02,google_product_001,Search,1691,0.158369824866714,4.4977430890913945,0.0604686219571955,0,-1.1097882833877524,0,1860.0979951110744,1445.8492282033567,2236.343286159329,0
2022-05-03,google_product_001,Search,2387,0.1249395884022072,4.665924252054461,0.0332506598120944,0,-0.5271719467438551,0,2134.092225109969,1768.1357388674214,2531.3652698258297,0
2022-05-04,google_product_001,Search,1884,0.2143544738332016,4.421586610614456,0.0359692401093496,0,-0.9482294429103498,0,2141.6524262819976,1760.0268539271387,2544.274715438913,0
2022-05-05,google_product_001,Search,2118,0.1143720474291146,4.838940500469612,0.0599155330220473,0,-0.7523498124869705,0,2016.1013743836015,1638.784065400131,2425.731723778378,0
2022-05-06,google_product_001,Search,2177,0.1592946213068108,3.382746813453077,0.0316793869515014,0,-0.7029613586622724,0,1768.1904381027562,1392.5994070398947,2162.5973297784176,1
2022-05-07,google_product_001,Search,1377,0.1690133064279629,3.4416982460539693,0.0344988471706346,0,-1.3726353088276715,0,1549.1867464791806,1165.0105323172775,1944.0735275897932,0
2022-05-08,google_product_001,Search,1519,0.1624139729235449,2.899845767028305,0.0385297457656915,0,-1.2537681826733131,0,1624.5309447859045,1223.9984577542273,1981.8865949413978,0
2022-05-09,google_product_001,Search,1885,0.1444413702336687,4.439501230620227,0.0484073448212954,0,-0.947392350472643,0,1812.821620464847,1406.3385461993628,2233.9510948730817,0
2022-05-10,google_product_001,Search,1997,0.1461053790079972,4.778936503512114,0.0420780250735331,0,-0.8536379974494872,0,2085.0538335344418,1683.5888618207841,2487.906692568722,0
2022-05-11,google_product_001,Search,1844,0.1513143441593732,4.457772866151886,0.0270737465284773,0,-0.9817131404186198,0,2091.460966990905,1683.9958251039302,2493.462605410258,0
2022-05-12,google_product_001,Search,2004,0.1455899399511453,5.674492433347537,0.0346783143687281,0,-0.84777835038554,0,1965.3942711338655,1587.7856115961902,2353.318839487216,0
2022-05-13,google_product_001,Search,1515,0.1789163735038473,3.9944039811709535,0.0339264556678778,0,-1.25711655242414,0,1717.6210865270323,1334.6613071999943,2144.898575977923,0
2022-05-14,google_product_001,Search,1658,0.2163156900477405,4.6687416555925125,0.0392277895477695,0,-1.137412333832075,0,1499.4112483603856,1101.347462905062,1915.6493281106489,0
2022-05-15,google_product_001,Search,1435,0.133275246449765,2.9082991238606857,0.0442584365862982,0,-1.32408394744068,0,1576.1944039461714,1177.7324180077453,1971.3599048465833,0
2022-05-16,google_product_001,Search,2161,0.1089059106126276,3.612900297525599,0.0441820575588797,0,-0.7163548376655804,0,1766.5443417399752,1362.7039662439079,2135.8386563425634,1
2022-05-17,google_product_001,Search,1927,0.1473515385494623,4.695537757565777,0.0222398824595159,0,-0.9122344680889596,0,2041.4177737736827,1627.7347568042846,2456.384186776681,0
2022-05-18,google_product_001,Search,2075,0.2273912801296295,4.849102110743144,0.0506394098756085,0,-0.7883447873083608,0,2050.99678492731,1643.7746861339328,2445.7763358516668,0
2022-05-19,google_product_001,Search,2137,0.125889762960908,3.7060330523358176,0.0425256884599662,0,-0.7364450561705423,0,1928.5693112993877,1523.7757899411374,2322.017257079523,0
2022-05-20,google_product_001,Search,1465,0.199173504163322,3.928400748141933,0.053845320475939,0,-1.2989711743094776,0,1684.8286114523132,1283.1599880491165,2089.0622591961783,0
2022-05-21,google_product_001,Search,1592,0.2003310244222932,2.4821262533191906,0.0444419832729067,0,-1.1926604347207204,0,1470.9612036122453,1075.164628850302,1837.133825493643,0
2022-05-22,google_product_001,Search,1862,0.1333923527487601,3.642970799193391,0.0510132295773576,0,-0.9666454765398983,0,1552.305963081532,1158.3846297483476,1941.391365952066,0
2022-05-23,google_product_001,Search,1511,0.1670694923755582,4.890383163519786,0.0446654531145012,0,-1.260464922174967,0,1747.340433153287,1346.2587353199433,2147.333196269709,0
2022-05-24,google_product_001,Search,2101,0.1988518986938561,4.575205016106566,0.0534622575620274,0,-0.7665803839279853,0,2026.9217424360204,1616.9560057506303,2436.1830569259437,0
2022-05-25,google_product_001,Search,2171,0.1386261677703754,4.50066572138121,0.0452225063601777,0,-0.7079839132885128,0,2041.1312863355583,1638.1234480252447,2468.315388041723,0
2022-05-26,google_product_001,Search,2110,0.1438925891969291,4.04977368718096,0.0390208475355709,0,-0.7590465519886246,0,1923.157478349478,1541.2455421456925,2309.9181158535857,0
2022-05-27,google_product_001,Search,1442,0.1325495725815406,4.007063158628177,0.0627243472044688,0,-1.3182243003767327,0,1683.597476351957,1288.3808737634006,2068.0747940630513,0
2022-05-28,google_product_001,Search,1260,0.1195572980792139,3.339678860526553,0.0488903712227989,0,-1.470575124039361,0,1473.5472989889495,1100.6271484764688,1880.721729686997,0
2022-05-29,google_product_001,Search,1683,0.1305216736480197,4.698828420202535,0.0457374442100441,0,-1.1164850228894063,0,1558.2629703204334,1175.0300053190156,1981.260947450738,0
2022-05-30,google_product_001,Search,1869,0.1132817919971323,4.42097294438939,0.0272369558346166,0,-0.960785829475951,0,1756.1486942433469,1374.863937850985,2159.3465510275373,0
2022-05-31,google_product_001,Search,2090,0.1510225040477767,4.492018847992799,0.0271169238253646,0,-0.7757884007427596,0,2037.9994030225785,1659.267242350943,2441.798276311216,0
2022-06-01,google_product_001,Search,2163,0.1269008030682407,3.47396515733242,0.0429271548214185,0,-0.7146806527901669,0,2053.846797851598,1652.7325441696305,2445.1123636931457,0
2022-06-02,google_product_001,Search,1792,0.1570135773537224,1.846657080128756,0.0414552119776824,0,-1.0252419471793708,0,1936.843152867563,1540.6715326705241,2326.1618103922815,0
2022-06-03,google_product_001,Search,1710,0.1033231306138911,5.097152711753695,0.0338587743499168,0,-1.093883527071324,0,1697.563762642838,1318.891440042913,2098.2723169720402,0
2022-06-04,google_product_001,Search,1556,0.1599264069664337,3.521162543991596,0.0414098269961206,0,-1.2227957624781634,0,1487.0974319680831,1094.7548897988097,1912.1733369712667,0
2022-06-05,google_product_001,Search,1409,0.1750058688482677,3.13722423595688,0.0558862692804359,0,-1.3458483508210555,0,1570.7076391655023,1178.371853714554,1955.423418826587,0
2022-06-06,google_product_001,Search,2155,0.0901879307228563,4.693478911913994,0.0469540247455029,0,-0.7213773922918209,0,1766.8203770479731,1391.1707875113507,2165.923475274796,0
2022-06-07,google_product_001,Search,2107,0.1612216970954271,3.6079873600808714,0.0285899149024726,0,-0.7615578293017448,0,2046.2660278724006,1637.6596060506988,2443.913549119053,0
2022-06-08,google_product_001,Search,1828,0.1868300697741987,5.059936384046622,0.0388849117285705,0,-0.9951066194219277,0,2059.1244111650662,1663.1729185887,2452.5292092659665,0
2022-06-09,google_product_001,Search,2031,0.1137107694392638,4.617005949576697,0.0319503351914743,0,-0.8251768545674577,0,1938.607305149826,1550.6303141178598,2341.948469739659,0
2022-06-10,google_product_001,Search,1440,0.2001771716051311,4.683569323200477,0.0361230008359143,0,-1.3198984852521463,0,1695.3593585454048,1285.8670508580162,2107.825689651965,0
2022-06-11,google_product_001,Search,1625,0.1625705702809813,2.634044288799465,0.0358638433437035,0,-1.1650363842763978,0,1480.546834627894,1090.106068893424,1900.2952033506217,0
2022-06-12,google_product_001,Search,1753,0.1288496443272477,5.211943985386401,0.0352235441739599,0,-1.057888552249934,0,1559.5168669835857,1159.985262668477,1960.3499467974932,0
2022-06-13,google_product_001,Search,1587,0.1483269276702688,4.261250531233856,0.027448646280266,0,-1.1968458969092541,0,1750.7832829196634,1335.5201132082805,2156.2954098557293,0
2022-06-14,google_product_001,Search,2174,0.1667498073756516,3.6307228607537967,0.038723453184818,0,-0.7054726359753927,0,2025.2664049439877,1640.7370049955118,2409.9826883355463,0
2022-06-15,google_product_001,Search,2117,0.1522801617423723,4.143388467342251,0.0343939236315269,0,-0.7531869049246773,0,2033.1360239103287,1643.3682492080536,2438.557455709404,0
2022-06-16,google_product_001,Search,2032,0.166162679773391,2.22376476710168,0.0107055130999773,0,-0.824339762129751,0,1907.6918983742203,1499.7215883101821,2280.299322679202,0
2022-06-17,google_product_001,Search,1982,0.122379792207619,4.408652811480671,0.0605297202450166,0,-0.8661943840150884,0,1659.6627483832626,1284.0696059076613,2040.071709163082,0
2022-06-18,google_product_001,Search,1387,0.1550808247210823,2.970628491817928,0.0508876965421667,0,-1.364264384450604,0,1440.2932332143125,1082.6509438418284,1827.7950291966802,0
2022-06-19,google_product_001,Search,1338,0.1075885650928505,2.6473297141564656,0.03623699275075,0,-1.4052819138982346,0,1515.0016350219303,1101.3336054141273,1937.5094134549877,0
2022-06-20,google_product_001,Search,1541,0.1466632181595389,2.477640813782109,0.0401881904974059,0,-1.2353521490437647,0,1702.3643406780077,1310.0612435303922,2112.3902375410557,0
2022-06-21,google_product_001,Search,1785,0.1228827707560563,5.112688374989926,0.0282834565268243,0,-1.031101594243318,0,1973.35456134106,1570.4193769342482,2354.2811014746603,0
2022-06-22,google_product_001,Search,1986,0.127934101722307,3.3707366063072115,0.0569572287781086,0,-0.8628460142642614,0,1978.184504643817,1574.850733498112,2360.5874301555627,0
2022-06-23,google_product_001,Search,1903,0.1870827952563131,5.5337277099165,0.0589728869477311,0,-0.9323246865939215,0,1850.1853669292477,1473.2411663396651,2241.4214092112456,0
2022-06-24,google_product_001,Search,1625,0.182739303617828,3.464198536947702,0.0415669372824652,0,-1.1650363842763978,0,1600.1061181216728,1210.5958415858565,1985.3369141158978,0
2022-06-25,google_product_001,Search,1568,0.1682741436272153,2.2926420424070533,0.0502353064418534,0,-1.2127506532256824,0,1379.2005645139925,977.4144036447673,1781.4311916640063,0
2022-06-26,google_product_001,Search,1458,0.1172306170598226,2.883475560051341,0.0417528677893392,0,-1.3048308213734248,0,1452.8853983795952,1057.9222758040341,1865.9667128799865,0
2022-06-27,google_product_001,Search,1975,0.1405077465091559,5.235811620006938,0.0266327456112406,0,-0.8720540310790357,0,1639.7253094335042,1261.524486618629,2018.7553797870355,0
2022-06-28,google_product_001,Search,1861,0.1863929309993754,3.844101822063332,0.0358817663103634,0,-0.967482568977605,0,1910.672564545157,1499.3887074180525,2288.7420033153026,0
2022-06-29,google_product_001,Search,2511,0.1542515074091971,3.451712703509399,0.0413192796677195,0,-0.4233724844682183,0,1915.910243262143,1518.5050556523754,2332.3443708180625,1
2022-06-30,google_product_001,Search,1925,0.2195798861994508,4.160018225852788,0.0354545228125655,0,-0.9139086529643731,0,1788.733455418238,1377.9795855504676,2172.708409843415,0
2022-07-01,google_product_001,Search,1363,0.1617995351818311,4.501782736167545,0.0378134672256496,0,-1.384354602955566,0,1539.8494721167406,1158.8237380300418,1934.2280583003696,0
2022-07-02,google_product_001,Search,1153,0.1557614734947009,5.117398815902461,0.0390860044249088,0,-1.5601440148739831,1,1320.4662111617986,964.804351187505,1714.1545878446932,0
2022-07-03,google_product_001,Search,1517,0.1407265060739249,5.448499229892926,0.0391912150213453,0,-1.2554423675487265,0,1395.9517412179932,990.423606345474,1799.4521861954593,0
2022-07-04,google_product_001,Search,1605,0.1540062271434684,3.6402313542109135,0.0405225849049748,0,-1.1817782330305326,0,1584.8208320498215,1181.5393569072091,1993.6335997875415,0
2022-07-05,google_product_001,Search,2023,0.1454259049085836,2.6739523139179617,0.0293939493360339,0,-0.8318735940691117,0,1857.9759202132159,1443.747195827345,2245.079675114938,0
2022-07-06,google_product_001,Search,2027,0.1712432603006577,3.586534838876724,0.0328298385087206,0,-0.8285252243182847,0,1865.5516320140534,1485.4647578099166,2248.3093623189966,0
2022-07-07,google_product_001,Search,1751,0.1787010695038375,4.260280506582886,0.0271541573430003,0,-1.0595627371253473,0,1740.7971574207165,1326.5601411681575,2103.32262762358,0
2022-07-08,google_product_001,Search,1331,0.1264203161847615,3.036241073789389,0.049778155496862,0,-1.4111415609621818,0,1494.3773753847443,1055.0831226154407,1879.0236531602718,0
2022-07-09,google_product_001,Search,-470,0.1100630113932666,3.042849085104957,0.0189435305815967,1,-2.9187450412720364,1,1277.4621475650072,888.1470059023774,1686.6978636049037,1
2022-07-10,google_product_001,Search,1297,0.0949138388069011,4.343787881549885,0.0515359034331692,0,-1.4396027038442114,0,1355.3864274421533,973.7997379011946,1764.559274981632,0
2022-07-11,google_product_001,Search,1787,0.1652397398073763,3.951347648429549,0.0538634939726284,0,-1.0294274093679043,0,1546.6372021120314,1148.8551320940178,1945.919906793481,0
2022-07-12,google_product_001,Search,1888,0.1168990018147837,4.032796995411586,0.0369781941301737,0,-0.9448810731595227,0,1822.0946334710272,1430.4671511137049,2236.775614604392,0
2022-07-13,google_product_001,Search,1650,0.0854132822114255,3.24150466529993,0.013968629121727,0,-1.144109073333729,0,1831.876545270216,1410.3377526288307,2238.4734885641133,0
2022-07-14,google_product_001,Search,1766,0.1616573581359289,3.7695992857942326,0.036386894380327,0,-1.0470063505597462,0,1709.220561507174,1294.564896643101,2084.2347811253267,0
2022-07-15,google_product_001,Search,1544,0.2247899855229837,3.0757668557316955,0.0393581583871118,0,-1.2328408717306443,0,1464.7848148704654,1063.245873553314,1877.0425852376504,0
2022-07-16,google_product_001,Search,1123,0.1498178726538032,4.8901984111247865,0.0298940178007108,0,-1.5852567880051855,1,1249.7366663675357,858.5329807093426,1661.8637094930982,0
2022-07-17,google_product_001,Search,1383,0.1751547232335492,5.035249334723753,0.0348478160619175,0,-1.367612754201431,0,1329.4121121729142,939.4228570247868,1714.3906939014764,0
2022-07-18,google_product_001,Search,1594,0.1524548807564269,2.153812137761906,0.0553019519886335,0,-1.190986249845307,0,1522.3019279102875,1135.8974041940169,1906.4219029508815,0
2022-07-19,google_product_001,Search,1584,0.1470333104042657,3.0704891398075898,0.0466492716230174,0,-1.1993571742223743,0,1799.291952691252,1384.5162587748541,2194.558898359772,0
2022-07-20,google_product_001,Search,1938,0.177572294489633,2.503470744909921,0.030754358856219,0,-0.9030264512741853,0,1810.506696477487,1384.2904356896884,2187.385482159154,0
2022-07-21,google_product_001,Search,1811,0.1412917636743404,3.349976065593102,0.0240240083040456,0,-1.0093371908629425,0,1689.1906134390808,1277.732508897788,2073.6229872917675,0
2022-07-22,google_product_001,Search,1651,0.1580217694221571,3.916562030209639,0.0367298268239022,0,-1.1432719808960223,0,1446.0079961393046,1022.5592947437584,1859.9652738712853,0
2022-07-23,google_product_001,Search,1478,0.1596509341858804,2.55035478030147,0.0378654322064956,0,-1.28808897261929,0,1232.1309653635735,843.8910252281341,1609.09303959094,0
2022-07-24,google_product_001,Search,1046,0.1299572863907085,3.0781401868746867,0.0449619918736331,0,-1.6497129057086053,1,1312.898261820541,901.4939213389864,1707.9926947888218,0
2022-07-25,google_product_001,Search,1364,0.1797612704860957,2.9960426279185013,0.0346468328743234,0,-1.3835175105178592,0,1506.8009154762965,1094.4105180798256,1887.6915536783251,0
2022-07-26,google_product_001,Search,1885,0.1447512072991377,4.207267329398944,0.0451149957536186,0,-0.947392350472643,0,1784.7222149825304,1412.4229033782024,2191.8304023345718,0
2022-07-27,google_product_001,Search,1938,0.1273276452152146,4.0693443370362505,0.0593515404006022,0,-0.9030264512741853,0,1796.7811746747261,1449.1311531013582,2215.3795413097623,0
2022-07-28,google_product_001,Search,1772,0.1660952953071121,3.2782624466627466,0.0481550102244426,0,-1.0419837959335057,0,1676.2138490751827,1275.010246157354,2041.3421276550637,0
2022-07-29,google_product_001,Search,2175,0.1230459605462688,4.176820872139398,0.0395191149266922,0,-0.7046355435376859,0,1433.6734500438547,1040.2990496884577,1824.7067512344636,1
2022-07-30,google_product_001,Search,1353,0.1508454347210738,3.4533199154127345,0.038168495289467,0,-1.3927255273326333,0,1220.3187347109128,826.7082867292579,1643.0149695965783,0
2022-07-31,google_product_001,Search,1520,0.1497264301006738,3.728344889673947,0.0364332686582012,0,-1.2529310902356063,0,1301.4733569703535,906.3299164381206,1695.6265012453623,0
2022-08-01,google_product_001,Search,1714,0.1825768669749473,5.673452090298537,0.0518064091245214,0,-1.090535157320497,0,1495.6122383385364,1107.987539698283,1894.2531046206261,0
2022-08-02,google_product_001,Search,1884,0.1642409469863985,5.340461051790348,0.0337268655404869,0,-0.9482294429103498,0,1773.602355288361,1387.1948653534232,2154.204788781204,0
2022-08-03,google_product_001,Search,1745,0.1492491912376456,2.7004187630724026,0.0404522270899998,0,-1.064585291751588,0,1785.547109832589,1377.271473199923,2172.0846652526143,0
2022-08-04,google_product_001,Search,1794,0.1745329889760086,4.829732417879175,0.0405119790188108,0,-1.0235677623039572,0,1664.6685990440074,1273.6542420191763,2080.968651631382,0
2022-08-05,google_product_001,Search,1224,0.1917062264705193,4.811396554491592,0.0349821580718846,0,-1.500710451796804,1,1421.60870153031,1009.0107292678167,1843.2568763934255,0
2022-08-06,google_product_001,Search,1165,0.1667343091905558,2.8517367112473817,0.0262753445211589,0,-1.5500989056215022,1,1207.5184103995105,801.5188877196262,1597.5076889521426,0
2022-08-07,google_product_001,Search,1170,0.1503105785953014,4.818777643754861,0.0432297450361766,0,-1.5459134434329684,1,1287.718066714213,871.1501493201172,1658.9515834322037,0
2022-08-08,google_product_001,Search,1515,0.1106449130294952,5.537931918412553,0.0393899602814461,0,-1.25711655242414,0,1480.684511731182,1099.5407619202363,1875.685419977005,0
2022-08-09,google_product_001,Search,2193,0.1180465901077388,2.877455193755586,0.0450024046943657,0,-0.6895678796589644,0,1757.2925196777694,1348.2170484053204,2147.340415971037,1
2022-08-10,google_product_001,Search,1411,0.1408432588693599,3.0824971789857365,0.0346639969356083,0,-1.3441741659456419,0,1767.659646680771,1392.378385683916,2138.709065594474,0
2022-08-11,google_product_001,Search,1757,0.1317146339352215,5.017661466843503,0.0522082129881304,0,-1.054540182499107,0,1645.0287848773485,1269.498732525914,2041.1369134950871,0
2022-08-12,google_product_001,Search,1034,0.1443908609104366,4.271495310825648,0.0312322621878815,0,-1.6597580149610862,1,1400.0693191214052,1011.1926037157599,1817.91940816091,0
2022-08-13,google_product_001,Search,1097,0.1516994977469132,4.551476275239523,0.0571204028401789,0,-1.607021191385561,1,1183.966301890332,791.793417376242,1588.173561944653,0
2022-08-14,google_product_001,Search,1464,0.1658907826307019,4.340589216400497,0.0225236349017173,0,-1.2998082667471842,0,1262.0802938199765,863.7657387988097,1657.9148397389934,0
2022-08-15,google_product_001,Search,1491,0.1478850366582272,4.390695920928144,0.0443477006455689,0,-1.277206770929102,0,1452.9338892929015,1041.8653238517954,1853.6131045789723,0
2022-08-16,google_product_001,Search,1495,0.164595049314786,2.673527871688917,0.0447543068252662,0,-1.273858401178275,0,1727.4522979080969,1350.6284844079978,2128.859674348134,0
2022-08-17,google_product_001,Search,1623,0.1519342324443036,5.047317706621448,0.0320444293205911,0,-1.1667105691518111,0,1735.8071342796331,1333.291431903751,2122.0626352648223,0
2022-08-18,google_product_001,Search,1737,0.0907360030093838,5.169589992427774,0.0442439393786101,0,-1.0712820312532418,0,1611.2977294960372,1181.8537632743776,1993.8482939454498,0
2022-08-19,google_product_001,Search,1193,0.1218199381854373,3.770609255931973,0.0527951866976015,0,-1.5266603173657132,1,1364.6508928141523,971.1852438666913,1793.9659093278158,0
2022-08-20,google_product_001,Search,1218,0.1456773733283515,3.9565230501861377,0.0178318116064593,0,-1.5057330064230445,1,1147.1085764045704,752.961178855159,1546.6380671113018,0
2022-08-21,google_product_001,Search,1240,0.1137091577147667,2.468892497444278,0.0450274480749081,0,-1.487316972793496,0,1224.0861327649925,839.8122822109134,1651.7632878163113,0
2022-08-22,google_product_001,Search,1333,0.1679978618998861,4.514254756017835,0.0150672917966992,0,-1.4094673760867684,0,1414.1572302752406,1039.7737153773387,1815.7930627685582,0
2022-08-23,google_product_001,Search,2125,0.1959225249703109,4.572057441714144,0.0303433519647679,0,-0.7464901654230234,0,1688.2928461897272,1300.385679414814,2070.9365824037236,1
2022-08-24,google_product_001,Search,1879,0.1865628555509195,3.937808983000689,0.0562916636490094,0,-0.9524149050988835,0,1696.7035389885307,1287.0458242833508,2086.439166900879,0
2022-08-25,google_product_001,Search,1183,0.1435967138720937,5.1243533598705024,0.0341821796660794,0,-1.5350312417427807,1,1572.719362420801,1183.5966878801341,1990.6563625854956,1
2022-08-26,google_product_001,Search,1364,0.1947217841054985,3.6659227690200593,0.0282612003559102,0,-1.3835175105178592,0,1327.0883967355614,958.3682155658316,1716.6030653892956,0
2022-08-27,google_product_001,Search,1031,0.1544600237160633,4.5646059258936,0.0380206227101531,0,-1.6622692922742064,1,1111.0633933297377,718.8456423423264,1493.7800480510602,0
2022-08-28,google_product_001,Search,1391,0.1398874208664588,2.980335661307884,0.0606790633816355,0,-1.360916014699777,0,1190.059260881656,819.2208525901858,1583.6643383381374,0
2022-08-29,google_product_001,Search,1295,0.1315979200937718,3.976447849125762,0.0216831775279397,0,-1.4412768887196248,0,1382.6374906490896,984.9166988105736,1771.8878068864938,0
2022-08-30,google_product_001,Search,1664,0.1409259094053561,3.825645742097164,0.0294869008836065,0,-1.1323897792058346,0,1659.7449650463607,1279.0461376272804,2089.4582200866025,0
2022-08-31,google_product_001,Search,1845,0.1383546954437631,4.225307922040941,0.0549743168317962,0,-0.980876047980913,0,1671.5563679203296,1293.6580657815693,2053.7333253853594,0
2022-09-01,google_product_001,Search,1755,0.1551124866712646,3.630473071166641,0.0585770234353773,0,-1.0562143673745203,0,1551.3545663457098,1171.3431793946645,1924.419735624949,0
2022-09-02,google_product_001,Search,1081,0.1548172194314959,3.868527404328332,0.0389656877570971,0,-1.620414670388869,1,1309.8299374549404,930.7178599418037,1707.5044249778787,0
2022-09-03,google_product_001,Search,1091,0.1500913806046024,4.826047171441506,0.0276094729747335,0,-1.6120437460118016,1,1098.1681249205749,698.5237885955163,1490.4355866967658,0
2022-09-04,google_product_001,Search,1121,0.1631081450923905,3.5632357627617823,0.0609584350180915,0,-1.5869309728805991,1,1181.7089321898002,812.213646521217,1588.5677412448917,0
2022-09-05,google_product_001,Search,1319,0.1857193882435902,2.3934228992613207,0.0559444239174919,0,-1.421186670214663,0,1378.9324190768652,981.6147915645731,1779.3420673344312,0
2022-09-06,google_product_001,Search,2038,0.1784866240632397,5.749583904205421,0.0467894698776223,0,-0.8193172075035104,0,1660.6996087674893,1256.1798977515555,2058.869661426761,0
2022-09-07,google_product_001,Search,1824,0.1054530609465028,5.381454078690487,0.0318759765106258,0,-0.9984549891727547,0,1677.0969758019703,1293.8875904579022,2085.5730236374525,0
2022-09-08,google_product_001,Search,1329,0.0733823659529413,2.7077373048943816,0.0395097065916196,0,-1.4128157458375954,0,1561.319033129929,1178.1431049327332,1987.0241226211933,0
2022-09-09,google_product_001,Search,1504,0.1780295973371782,4.689707805245194,0.0383963991895516,0,-1.2663245692389142,0,1323.969934083572,923.2449459092342,1705.934384878378,0
2022-09-10,google_product_001,Search,1584,0.1089936390475373,3.497025229448657,0.0433085130461557,0,-1.1993571742223743,0,1116.1535129928357,733.4633126342719,1521.7212207360958,1
2022-09-11,google_product_001,Search,1424,0.1432570379432194,4.263487215331059,0.0545100143813133,0,-1.3332919642554542,0,1203.134408727199,816.9765863666311,1605.2232039171122,0
2022-09-12,google_product_001,Search,1149,0.1148966092182192,4.294224129013494,0.048794170411374,0,-1.56349238462481,1,1403.3262760163418,1019.7729626406858,1819.2546227073744,0
2022-09-13,google_product_001,Search,1592,0.0959405868725994,3.765592199683678,0.0292262392301524,0,-1.1926604347207204,0,1687.534429156636,1310.8152060289324,2108.4489970019727,0
2022-09-14,google_product_001,Search,2001,0.1662438818461436,3.2162343344136035,0.0537649645001953,0,-0.8502896276986602,0,1705.8020331297328,1283.4884084245923,2109.900923843142,0
2022-09-15,google_product_001,Search,1445,0.1727746548090794,3.3094589476837406,0.0431313214001315,0,-1.3157130230636125,0,1591.2941074713005,1197.9414827834426,1996.6228003613064,0
2022-09-16,google_product_001,Search,1417,0.1327046879781984,3.0838080845187577,0.0468706579585891,0,-1.3391516113194015,0,1354.6002138165186,942.2735295449024,1716.0308115936268,0
2022-09-17,google_product_001,Search,1322,0.0722687312356527,3.1681777917695557,0.054665408592786,0,-1.4186753929015425,0,1146.8252139954216,761.1577518411393,1557.4392301879266,0
2022-09-18,google_product_001,Search,1041,0.1336126665524255,3.9328217099506446,0.0288841975048644,0,-1.653898367897139,1,1233.2507155311177,833.9337902927972,1640.78998040618,0
2022-09-19,google_product_001,Search,1451,0.1617541201620763,3.284240010889248,0.0396417442129353,0,-1.310690468437372,0,1432.3231923250123,1033.7911179480532,1829.9891048515458,0
2022-09-20,google_product_001,Search,1051,0.1056326529367761,4.68205206571262,0.0346854544864078,0,-1.6455274435200715,1,1714.8961190552966,1316.2396370574102,2104.1467404726927,1
2022-09-21,google_product_001,Search,1555,0.1555007975933746,5.487246155335927,0.0243214057463454,0,-1.2236328549158701,0,1731.0752396099756,1329.7233305092097,2116.0302159563644,0
2022-09-22,google_product_001,Search,1549,0.1495407045248101,3.419946758629957,0.0434670997760492,0,-1.2286554095421107,0,1614.1012515914208,1221.1433279279172,2006.5550559270232,0
2022-09-23,google_product_001,Search,1092,0.1673787449880326,4.239404500535377,0.0651155655158442,0,-1.6112066535740948,1,1374.6508055941194,959.2445827382513,1770.7954320968358,0
2022-09-24,google_product_001,Search,1509,0.1535874110524246,4.499685110302934,0.0215992225549424,0,-1.2621391070503807,0,1163.9252444520873,761.9323242479472,1557.7536249890031,0
2022-09-25,google_product_001,Search,957,0.1208079317735533,4.472002270919274,0.0396771938895052,0,-1.724214132664506,1,1247.3097472120173,854.7667548939069,1638.6137760991983,0
2022-09-26,google_product_001,Search,1392,0.1858971450499347,4.075955267916087,0.0464054293507477,0,-1.3600789222620702,0,1443.3589219552218,1026.8993918993776,1822.3157392878431,0
2022-09-27,google_product_001,Search,1744,0.1452441128091909,4.742682418359722,0.0412307820165618,0,-1.0654223841892947,0,1723.0362493074456,1324.0903497802642,2116.940346649652,0
2022-09-28,google_product_001,Search,2067,0.149180863814702,4.482248952680657,0.0388687194748426,0,-0.7950415268100147,0,1736.5565656196875,1325.4989638586474,2132.3366006517745,0
2022-09-29,google_product_001,Search,1333,0.1220019612278041,2.762337577672702,0.0270078363655417,0,-1.4094673760867684,0,1617.2659400359455,1228.4571857519281,2008.8080929327937,0
2022-09-30,google_product_001,Search,1596,0.1367015324642546,4.869156064389273,0.0423278674294016,0,-1.1893120649698934,0,1375.939917917979,995.6198946447337,1753.9108194571033,0
2022-10-01,google_product_001,Search,1206,0.1234559185791929,4.887290837266742,0.0324323602298407,0,-1.5157781156755255,1,1163.8696291812016,775.1701886887088,1567.806335220668,0
2022-10-02,google_product_001,Search,1070,0.1448116182022973,3.2367138958214183,0.0181007829502144,0,-1.6296226872036432,1,1246.5184972576255,831.9507813925921,1645.6575258366945,0
2022-10-03,google_product_001,Search,1597,0.2013512544042703,4.037937835447602,0.0519459222051373,0,-1.1884749725321866,0,1442.5056593291042,1058.7049860995405,1827.49414691038,0
2022-10-04,google_product_001,Search,1783,0.1088429657120593,4.683328992811069,0.0495838581984204,0,-1.0327757791187313,0,1722.8435600317894,1334.7223046752435,2122.599539693356,0
2022-10-05,google_product_001,Search,1685,0.1015931580636977,3.7906861804206384,0.0405166097685108,0,-1.1148108380139927,0,1737.7789599522255,1332.026247775724,2139.9929133218234,0
2022-10-06,google_product_001,Search,1661,0.1941351098248082,5.072978047766012,0.042290746882057,0,-1.1349010565189548,0,1620.671756061034,1212.2042792791133,2009.3181987906084,0
2022-10-07,google_product_001,Search,1314,0.143720289685444,6.363872494619361,0.0507431801271556,0,-1.4253721324031965,0,1382.2926187719272,1018.8239091870586,1784.140573951449,0
2022-10-08,google_product_001,Search,1256,0.1299278178402025,3.214013967365018,0.0422433965677808,0,-1.473923493790188,0,1173.9089647074125,787.2085792331434,1563.9786973247196,0
2022-10-09,google_product_001,Search,1429,0.1811971406218823,2.618955396846225,0.0490401755476131,0,-1.3291065020669204,0,1260.9420090687177,864.7802955382948,1645.4785604905169,0
2022-10-10,google_product_001,Search,1853,0.131831533807894,4.303818595604875,0.0370251779912614,0,-0.974179308479259,0,1461.9510039646734,1078.7089702476105,1852.1923577300906,1
2022-10-11,google_product_001,Search,28,0.204780291406408,4.721562505126143,0.0531198373857394,1,-2.5018730072940754,1,1747.8721074835325,1373.7765408056744,2140.886663162663,1
2022-10-12,google_product_001,Search,2265,0.170337776140178,3.769133626155231,0.0432078572593268,0,-0.6292972241440785,0,1768.8610958149961,1334.1095726761014,2141.863263025456,1
2022-10-13,google_product_001,Search,1291,0.1353626577556289,5.453260663321034,0.0419405194360587,0,-1.4446252584704518,0,1658.174274475804,1236.5182360613155,2038.4263377296295,0
2022-10-14,google_product_001,Search,1397,0.214719246397965,2.661394200276751,0.0272993891128796,0,-1.3558934600735364,0,1426.4685419456112,1051.780875648712,1787.4725622957321,0
2022-10-15,google_product_001,Search,1388,0.1318285523098998,4.692918623031611,0.042869558543017,0,-1.3634272920128971,0,1224.890064114944,813.3276505345646,1631.5680769492,0
2022-10-16,google_product_001,Search,1390,0.1722628611602792,3.3941391792411064,0.0316804508250554,0,-1.3617531071374838,0,1318.734235213418,883.861695418113,1700.0770370857804,0
2022-10-17,google_product_001,Search,1450,0.1589787774121947,5.7193779062072965,0.033617172734715,0,-1.3115275608750787,0,1526.4329572973847,1140.3094414870054,1928.259950509178,0
2022-10-18,google_product_001,Search,1774,0.1890522386819639,5.992515353168118,0.0318462437168387,0,-1.040309611058092,0,1818.796605410036,1411.3506762538832,2223.451610884481,0
2022-10-19,google_product_001,Search,1781,0.1968453359018055,3.233343412216652,0.0293376506810077,0,-1.034449963994145,0,1845.8598106576444,1465.103504443659,2300.8644586595024,0
2022-10-20,google_product_001,Search,1606,0.150960124471973,3.45044286409142,0.0612477140301696,0,-1.1809411405928258,0,1740.765337971401,1346.4807180563698,2126.1604122840085,0
2022-10-21,google_product_001,Search,1640,0.1273974638896144,4.859587886979802,0.053313390619884,0,-1.1524799977107965,0,1514.0669349073646,1089.0484787510934,1925.2322631822653,0
2022-10-22,google_product_001,Search,1385,0.1637991642881734,3.612869350210485,0.0592036750214426,0,-1.3659385693260173,0,1316.8205375003931,905.7598575561979,1724.8035187000173,0
2022-10-23,google_product_001,Search,1240,0.1296685389074368,3.954588782067762,0.0277710498044443,0,-1.487316972793496,0,1414.2464429654915,990.0473615965275,1828.9628963097155,0
2022-10-24,google_product_001,Search,1800,0.2104016174257987,4.02538842054241,0.0407125374991089,0,-1.0185452076777166,0,1624.7184237513902,1202.8020691188706,2002.9347727141192,0
2022-10-25,google_product_001,Search,1923,0.1540960599324821,2.080326843802344,0.027064923747959,0,-0.9155828378397866,0,1919.007102329639,1516.3415498892489,2311.48055075367,0
2022-10-26,google_product_001,Search,2090,0.1390403534606367,3.986162253905763,0.0330430512280293,0,-0.7757884007427596,0,1947.1266823869237,1529.722650063294,2353.8879095588873,0
2022-10-27,google_product_001,Search,1898,0.1555404091759472,3.310272225935826,0.0308187301658342,0,-0.9365101487824553,0,1842.2192887556434,1456.6680606242282,2220.1948497910726,0
2022-10-28,google_product_001,Search,1353,0.1095862113141091,3.506877177600228,0.0523958400644156,0,-1.3927255273326333,0,1614.8577807933411,1214.5752775253818,2029.6337342256797,0
2022-10-29,google_product_001,Search,1252,0.1208515788446804,5.443632003468814,0.0360377032189824,0,-1.477271863541015,0,1416.1364267400386,1013.1604415332233,1807.438581748832,0
2022-10-30,google_product_001,Search,1580,0.1860124172383327,2.743493105720744,0.0506837933369401,0,-1.2027055439732015,0,1511.3320633752433,1106.1828110458548,1908.738428581926,0
2022-10-31,google_product_001,Search,1795,0.1302931716308581,4.813205186747977,0.0460412088958851,0,-1.0227306698662504,0,1718.8917427610156,1293.5229987094338,2082.042662582787,0
2022-11-01,google_product_001,Search,1911,0.1185926705195418,3.721037069668192,0.0630363875210479,0,-0.9256279470922676,0,2009.674224612822,1594.3873573396331,2415.78590292585,0
2022-11-02,google_product_001,Search,2005,0.1660995825758185,3.720239831504165,0.0252055577686027,0,-0.8469412579478331,0,2033.7944600251153,1612.9888042934904,2457.3311150106165,0
2022-11-03,google_product_001,Search,2083,0.1855711246398899,4.790371896051711,0.0525923323978679,0,-0.7816480478067068,0,1924.5053784214833,1507.577106949668,2328.856170193363,0
2022-11-04,google_product_001,Search,3457,0.171568599319952,4.34005129456889,0.0514644087040072,1,0.368516961602366,0,1692.497909896584,1300.545123296121,2095.825600722181,1
2022-11-05,google_product_001,Search,1531,0.1798814305741745,4.570612997219531,0.0302662116197296,0,-1.2437230734208322,0,1488.9887039338535,1104.8838404261896,1895.0369176423824,0
2022-11-06,google_product_001,Search,1448,0.1272961473429161,4.968184660532861,0.0500713333647315,0,-1.3132017457504923,0,1579.3782463716436,1174.6317388568762,1983.2369533112133,0
2022-11-07,google_product_001,Search,1688,0.1073456799977446,3.668691616816677,0.0433614496302622,0,-1.1122995607008725,0,1782.2354558756501,1374.5066338255588,2189.9769958382512,0
2022-11-08,google_product_001,Search,4194,0.1950400095586646,3.3877632654922496,0.0377252374004659,1,0.9854540881922399,0,2068.536197762793,1648.493105859796,2457.5255860188013,1
2022-11-09,google_product_001,Search,2207,0.1403196048347359,2.914849473442202,0.03176064513028,0,-0.67784858553107,0,2088.5049378279296,1686.5373885986487,2494.2972193655337,0
2022-11-10,google_product_001,Search,2051,0.1424750095063485,3.174589470021045,0.0328089054855081,0,-0.8084350058133227,0,1975.4939206357594,1555.3847962482087,2365.9922234407563,0
2022-11-11,google_product_001,Search,1898,0.1898458242554717,6.949094425308726,0.0604981209578592,0,-0.9365101487824553,0,1740.2808706173769,1361.7403009032535,2139.0121326489593,0
2022-11-12,google_product_001,Search,1488,0.1666869002820198,5.244679580736786,0.0400068281895748,0,-1.2797180482422224,0,1534.1547350957333,1141.3716535668204,1946.3311127748107,0
2022-11-13,google_product_001,Search,1688,0.1636766331624482,2.6489256337919787,0.0478213000153145,0,-1.1122995607008725,0,1622.5722193143513,1202.1893517303097,2006.6395489135755,0
2022-11-14,google_product_001,Search,1734,0.2149500703470325,2.67754204325643,0.0320910061833244,0,-1.073793308566362,0,1824.1412337335173,1431.385745502389,2209.080341187267,0
2022-11-15,google_product_001,Search,2105,0.1306944530885957,4.481866061718492,0.0322014705377836,0,-0.7632320141771584,0,2109.858714427794,1723.033554807498,2492.916161606069,0
2022-11-16,google_product_001,Search,2082,0.1778352038424371,4.547264797377967,0.0508198480924994,0,-0.7824851402444135,0,2129.9520553439042,1715.206158588318,2526.3975020578805,0
2022-11-17,google_product_001,Search,1974,0.1517103937469125,4.548883835317365,0.0265042378844846,0,-0.8728911235167424,0,2017.758536073104,1603.482791691864,2426.7780905101454,0
2022-11-18,google_product_001,Search,1824,0.1580577683658977,3.7450442064463023,0.0358478623209472,0,-0.9984549891727547,0,1784.0237316992254,1386.2657839388328,2179.7973972916243,0
2022-11-19,google_product_001,Search,1389,0.1958540527923759,3.8745457399971,0.0403402741107223,0,-1.3625901995751903,0,1579.9883995416794,1172.4048166364903,1977.367941355962,0
2022-11-20,google_product_001,Search,2039,0.1652350726886887,4.327879524159357,0.0411137260184005,0,-0.8184801150658038,0,1671.0465574059879,1267.3757725802764,2069.191891946052,0
2022-11-21,google_product_001,Search,1664,0.1661488823714889,4.085893006293331,0.0382090671498384,0,-1.1323897792058346,0,1875.730826026223,1502.0883869417028,2265.926636642429,0
2022-11-22,google_product_001,Search,1867,0.182175220119294,1.780699627252465,0.0439581978109592,0,-0.9624600143513645,0,2164.952444138555,1790.5791694456793,2616.234145813346,0
2022-11-23,google_product_001,Search,2410,0.1390514181137134,3.7702003694248063,0.0469285575581781,0,-0.5079188206765999,0,2188.845129502816,1781.484604690197,2556.7108014624214,0
2022-11-24,google_product_001,Search,2185,0.1248237099798298,3.148593565739686,0.0473463754545933,0,-0.6962646191606184,0,2080.6471026079894,1694.6082462925099,2478.4475876251677,0
2022-11-25,google_product_001,Search,1902,0.1186557241793689,4.175211418908512,0.0301419619133217,0,-0.9331617790316283,0,1851.002187311561,1445.8570320110448,2265.082674076581,0
2022-11-26,google_product_001,Search,1751,0.0910093023187199,6.98525900260341,0.037158449020712,0,-1.0595627371253473,0,1651.049409490044,1277.631232219476,2056.903865274752,0
2022-11-27,google_product_001,Search,1692,0.2116862138982096,4.367481665474305,0.0519476286187693,0,-1.1089511909500456,0,1746.0837349240717,1379.731661083112,2176.0370851985604,0
2022-11-28,google_product_001,Search,1760,0.1169037490283495,3.686470313827602,0.0489464718757387,0,-1.0520289051859866,0,1954.543948090582,1556.2901355196898,2360.2561722081564,0
2022-11-29,google_product_001,Search,2200,0.1433623912924268,4.921801501977252,0.0262714054851893,0,-0.6837082325950172,0,2247.2550136182235,1837.9276639311977,2624.0351994805583,0
2022-11-30,google_product_001,Search,2119,0.1416956010033323,4.482687887209213,0.043514799003522,0,-0.7515127200492638,0,2274.2740331313244,1900.5776871187456,2641.330698576319,0
2022-12-01,google_product_001,Search,2298,0.159222200934273,4.4200944904518416,0.0202177475062519,0,-0.6016731736997558,0,2168.774061443253,1762.5506686606857,2554.439912640326,0
2022-12-02,google_product_001,Search,1824,0.1744721163761789,4.606850593215671,0.0404693490206036,0,-0.9984549891727547,0,1941.346652620156,1518.4938460862465,2347.4988633460616,0
2022-12-03,google_product_001,Search,1538,0.1758142046507923,6.056543564829541,0.0589776701674597,0,-1.2378634263568848,0,1743.0925235813788,1338.079323778878,2141.1082621473142,0
2022-12-04,google_product_001,Search,1708,0.1325076768429318,2.869111564674085,0.0305210728273101,0,-1.0955577119467377,0,1839.2829540777466,1439.363263164007,2228.1444187278694,0
2022-12-05,google_product_001,Search,2100,0.1449863485864076,4.473632076811454,0.0316567695450841,0,-0.767417476365692,0,2048.34791391975,1637.6563064341249,2445.158144638607,0
2022-12-06,google_product_001,Search,2151,0.1584773985146489,3.073618870018461,0.0476402978157285,0,-0.7247257620426478,0,2341.1182601162336,1940.4795963976285,2741.2032501751983,0
2022-12-07,google_product_001,Search,2169,0.1425392662144936,4.555512646342248,0.0245719848479035,0,-0.7096580981639264,0,2367.6711291533775,1964.4318825507876,2777.3657731190965,0
2022-12-08,google_product_001,Search,2231,0.1982203672805997,3.081313488513905,0.0336724497011496,0,-0.657758367026108,0,2261.212811892427,1867.580014949908,2684.7111847116776,0
2022-12-09,google_product_001,Search,1983,0.1647292485491475,3.5826331863949155,0.0459644113758175,0,-0.8653572915773816,0,2032.3800154246262,1602.7028049771486,2416.8805127933856,0
2022-12-10,google_product_001,Search,1682,0.1720463335814945,3.704910085762094,0.0336571415231059,0,-1.1173221153271131,0,1832.3289424991804,1414.3374095479032,2222.9827543857277,0
2022-12-11,google_product_001,Search,1759,0.1698864380600223,4.975816719344709,0.0376403001278902,0,-1.0528659976236934,0,1926.394858186531,1522.4774158885934,2312.597087006558,0
2022-12-12,google_product_001,Search,4146,0.1852042157245597,4.918454443942414,0.0474418571031503,1,0.9452736511823159,0,2133.0781916724104,1717.3024572575289,2540.2618668042164,1
2022-12-13,google_product_001,Search,2056,0.1554306467611112,2.754282623553616,0.0442154608353656,0,-0.804249543624789,0,2423.2845775051915,2041.3546526119408,2819.4474564492243,0
2022-12-14,google_product_001,Search,634,0.1110950415613246,4.054934110999849,0.042668183962954,1,-1.9945949900437858,1,2447.168025854508,2036.8360238853954,2861.2340277985345,1
2022-12-15,google_product_001,Search,2121,0.1619906385525792,3.2904201452508275,0.0366087772072996,0,-0.7498385351738504,0,2338.0115744563504,1971.1285226088548,2755.3817170577167,0
2022-12-16,google_product_001,Search,1974,0.1304592931862451,2.741495089324665,0.0437006111526895,0,-0.8728911235167424,0,2106.5263907111025,1703.0761595721012,2510.0749014972835,0
2022-12-17,google_product_001,Search,1928,0.1341414995475073,3.7829829495756297,0.0387626731990024,0,-0.9113973756512529,0,1903.9388158018812,1496.2401781165925,2294.2377136724704,0
2022-12-18,google_product_001,Search,2231,0.1675909205626528,3.69151721154418,0.0445780560992578,0,-0.657758367026108,0,1995.6480770699254,1618.4200774931076,2400.3215256797107,0
2022-12-19,google_product_001,Search,2354,0.187148492143009,6.426716486345523,0.0350306797488202,0,-0.5547959971881778,0,2200.210766910786,1815.5032082879945,2604.5108791786347,0
2022-12-20,google_product_001,Search,2397,0.1506381473020818,4.4329598253606965,0.0381743102562045,0,-0.5188010223667877,0,2488.5795352989494,2090.9324421470737,2873.072284273403,0
2022-12-21,google_product_001,Search,2496,0.1592649903779689,2.622382499245763,0.0301004220744798,0,-0.43592887103381955,0,2510.945219436305,2115.8827967290727,2893.9021511916026,0
2022-12-22,google_product_001,Search,2149,0.2010664483390571,3.435225995829058,0.0396499238999376,0,-0.7263999469180613,0,2400.6167875322394,1992.8149022116393,2789.7716776118987,0
2022-12-23,google_product_001,Search,2097,0.157222595384657,5.021383295429398,0.0318899913637115,0,-0.7699287536788123,0,2168.320079270009,1753.9997471707177,2537.596742447521,0
2022-12-24,google_product_001,Search,1893,0.2280504934254118,6.088442772869925,0.02885953549838,0,-0.9406956109709891,0,1965.2848383393637,1575.0985319774245,2367.709429647426,0
2022-12-25,google_product_001,Search,2086,0.1669652893689463,2.4140166877620417,0.0425866114785538,0,-0.7791367704935865,0,2056.9027562957504,1643.754129375229,2465.807959258699,0
2022-12-26,google_product_001,Search,2102,0.0971771172253254,2.120075614860955,0.0421273977585766,0,-0.7657432914902785,0,2261.712608884163,1865.0866343751413,2671.662043664718,0
2022-12-27,google_product_001,Search,2619,0.1726002486331359,5.870965175371782,0.0478287373494857,0,-0.33296650119588944,0,2550.6399051799694,2141.1555984389083,2947.8071182450426,0
2022-12-28,google_product_001,Search,2891,0.1614347515464833,4.389614177370904,0.035688744304249,0,-0.10527735813965378,0,2573.8402377639595,2199.917679688487,2965.7373283867214,0
2022-12-29,google_product_001,Search,2413,0.1886925826224823,3.131707268123633,0.0440805284683675,0,-0.5054075433634797,0,2464.5806681029753,2057.8281476964576,2878.1087442113285,0
2022-12-30,google_product_001,Search,2267,0.1701954405380987,4.534629086122435,0.0455079757227366,0,-0.627623039268665,0,2233.540080776551,1825.8877122513793,2642.1196431797034,0
2022-12-31,google_product_001,Search,2175,0.1458463204804868,1.3642522609831222,0.0444477380783159,0,-0.7046355435376859,0,2031.8979484408057,1656.659126578533,2444.8596747409674,0
2023-01-01,google_product_001,Search,2027,0.113271052911319,4.003375506597161,0.0317434631719785,0,-0.8285252243182847,0,2124.9941703883546,1743.3591840729055,2505.9849205446135,0
2023-01-02,google_product_001,Search,2399,0.1437293022814192,4.327821172843085,0.0414936348227118,0,-0.5171268374913742,0,2331.316008269541,1932.3513466270351,2727.684748424527,0
2023-01-03,google_product_001,Search,2603,0.1244843863737209,4.92427013953783,0.0436414029605466,0,-0.34635998019919745,0,2621.7394823101786,2223.138166575506,3013.898119028693,0
2023-01-04,google_product_001,Search,2690,0.1325842965058583,2.986104047707462,0.0400717846690794,0,-0.27353293811871027,0,2646.3743615710937,2267.2202959848837,3062.4951710433525,0
2023-01-05,google_product_001,Search,2366,0.1676573521326183,4.085687161403359,0.0191352234162891,0,-0.5447508879356969,0,2538.447031637206,2145.4851129602635,2965.2781652969184,0
2023-01-06,google_product_001,Search,2277,0.2000971351305421,3.0745753739404127,0.0416048962397348,0,-0.6192521148915975,0,2308.6021280761265,1926.525352916556,2675.2492118805,0
2023-01-07,google_product_001,Search,2222,0.1618401458946894,4.255383755674317,0.0621253103939724,0,-0.6652921989654687,0,2107.992339055715,1699.841540505564,2515.7397044043405,0
2023-01-08,google_product_001,Search,2483,0.1141235081389444,3.104653677636976,0.0363996073124301,0,-0.4468110727240073,0,2201.939009330626,1828.3442652902522,2610.780804382946,0
2023-01-09,google_product_001,Search,2631,0.1633380800466042,3.5918991608397794,0.0327192290214467,0,-0.32292139194340846,0,2408.919547377022,2046.934082534615,2809.911579353101,0
2023-01-10,google_product_001,Search,3117,0.1858989445993695,3.0041846052097707,0.0437334855971139,0,0.08390553278207144,0,2699.8089865501424,2273.8348138468778,3114.457678294517,1
2023-01-11,google_product_001,Search,2602,0.1317065128704185,4.651136241823657,0.0431237821046657,0,-0.3471970726369042,0,2724.7248310969803,2352.4754093691645,3150.1398290496018,0
2023-01-12,google_product_001,Search,2780,0.1459794849998124,4.858451116656665,0.0519273516541641,0,-0.19819461872510288,0,2616.909477412741,2226.6003882838854,3008.9167714342184,0
2023-01-13,google_product_001,Search,2394,0.1504406458418759,3.765379430042586,0.0274213184409111,0,-0.5213122996799079,0,2387.031115368789,1986.1912312721524,2803.017980315167,0
2023-01-14,google_product_001,Search,2645,0.1264530506075327,4.038237994960029,0.0473138025257499,0,-0.311202097815514,0,2186.2725384602873,1775.6306191541737,2566.721004420777,1
2023-01-15,google_product_001,Search,2115,0.1694484130153157,2.551408585366456,0.0459042206125146,0,-0.7548610898000908,0,2279.9905284709457,1916.7427112840098,2684.4961721262584,0
2023-01-16,google_product_001,Search,2356,0.1463715555417665,3.700323351993213,0.0385785346305945,0,-0.5531218123127644,0,2486.7018569125416,2110.668526383581,2896.6010178691395,0
2023-01-17,google_product_001,Search,2650,0.1625859733172108,3.9497953829582553,0.0433868731792169,0,-0.3070166356269802,0,2777.3233003631185,2375.620203664016,3181.771293575117,0
2023-01-18,google_product_001,Search,2415,0.123375234665937,6.620793091029976,0.0502945748159835,0,-0.5037333584880662,0,2802.014851068043,2409.1644670789,3199.2406236637976,0
2023-01-19,google_product_001,Search,2584,0.1368762509902976,2.8880329742258364,0.0487231538002845,0,-0.36226473651562563,0,2694.0604665298797,2276.478510522576,3099.900108800997,0
2023-01-20,google_product_001,Search,2289,0.1716714407348331,5.464177238752438,0.0285698068792627,0,-0.6092070056391166,0,2464.1673172737005,2069.6485691697735,2856.229259658954,0
2023-01-21,google_product_001,Search,2320,0.1388150054372469,4.996858773465808,0.0482015818675548,0,-0.5832571400702073,0,2263.5530153943523,1865.3595252643431,2647.4384981446474,0
2023-01-22,google_product_001,Search,2428,0.2018089155370021,4.280636404490137,0.0393531139496748,0,-0.49285115679787844,0,2357.6035411236116,1987.3857409793338,2753.4195782790416,0
2023-01-23,google_product_001,Search,2981,0.1380109144315619,5.758620484195133,0.0407287409801551,0,-0.029939038746046386,0,2564.8579577779647,2162.7486931872495,2959.96219378413,1
2023-01-24,google_product_001,Search,3042,0.1567405417725565,4.372105472606863,0.0407319699100169,0,0.02112359995406529,0,2856.2473541861827,2475.0711117557435,3237.4096212425075,0
2023-01-25,google_product_001,Search,2806,0.1779777249561926,4.389159195667928,0.0384975701120174,0,-0.17643021534472741,0,2881.9372325276413,2456.036289593833,3250.8818297325033,0
2023-01-26,google_product_001,Search,2591,0.107449028012009,3.946879346982455,0.0519170749710706,0,-0.3564050894516784,0,2775.207713358405,2393.9726096726795,3190.9622470419968,0
2023-01-27,google_product_001,Search,2620,0.0971757356405767,5.223568882418627,0.0391628204015078,0,-0.3321294087581827,0,2546.752536878231,2125.9621223895147,2959.3429589454954,0
2023-01-28,google_product_001,Search,2107,0.1042303105628971,5.096469233810884,0.0288045387161683,0,-0.7615578293017448,0,2347.7663537269973,1944.885163391715,2764.6659375736194,0
2023-01-29,google_product_001,Search,2806,0.1878775231028154,3.374322712503788,0.0360647014403027,0,-0.17643021534472741,0,2443.603023837032,2029.604621365137,2843.9037971304783,0
2023-01-30,google_product_001,Search,2922,0.1334442556232266,2.680752805401233,0.0417869471681047,0,-0.07932749257074456,0,2652.7610051020874,2287.335873269735,3057.509250724702,0
2023-01-31,google_product_001,Search,2837,0.2267459785700475,3.797019362604343,0.0522921478429705,0,-0.1504803497758182,0,2946.123253997763,2516.2997004682065,3346.310977585202,0
2023-02-01,google_product_001,Search,2658,0.1330725720402783,3.1999614356023534,0.0460309468494883,0,-0.3003198961253262,0,2973.800829186311,2592.446304324892,3427.010950048462,0
2023-02-02,google_product_001,Search,3120,0.1555365390959111,3.936475425384645,0.0314946472125295,0,0.0864168100951917,0,2869.0145358818163,2467.170920111024,3245.9704144074794,0
2023-02-03,google_product_001,Search,2577,0.1962632985770362,5.237438134684139,0.0648518991667889,0,-0.3681243835795729,0,2642.3955487370713,2252.7233233406714,3048.074657634074,0
2023-02-04,google_product_001,Search,2695,0.2101827866447737,3.54269834491321,0.0426477531097798,0,-0.26934747593017655,0,2445.0744595581127,2038.09750249869,2819.249792155471,0
2023-02-05,google_product_001,Search,2198,0.2118451072990919,3.957176618688425,0.0527539073799901,0,-0.6853824174704307,0,2542.3414170867454,2154.8635444138285,2952.9390535143707,0
2023-02-06,google_product_001,Search,2642,0.1862509869177942,4.058022734808395,0.0384828556642277,0,-0.31371337512863423,0,2752.6333864873995,2362.807272272225,3160.1378468071853,0
2023-02-07,google_product_001,Search,3008,0.1807218757743438,4.848430882205284,0.0453335924470545,0,-0.007337542927964169,0,3046.775895385937,2647.0546526960266,3462.0355663702076,0
2023-02-08,google_product_001,Search,3085,0.1677758084760355,1.7531106660153948,0.048394685045184,0,0.05711857477545548,0,3074.828402635479,2642.9403250725313,3479.264199519821,0
2023-02-09,google_product_001,Search,2833,0.1733508322849991,3.393299705234704,0.0521819471175425,0,-0.1538287195266452,0,2969.967574807854,2563.6138303308785,3354.80977263415,0
2023-02-10,google_product_001,Search,2798,0.133464428510144,4.211283692279473,0.0505736830537822,0,-0.18312695484638142,0,2742.7893590712542,2352.4580755665943,3157.9225276949383,0
2023-02-11,google_product_001,Search,2307,0.1254540334973307,5.200078956426861,0.0487219700007297,0,-0.5941393417603951,0,2544.399254739401,2151.9664287098103,2952.2119155892997,0
2023-02-12,google_product_001,Search,2560,0.1498987662776714,3.508097552493795,0.0368491326880589,0,-0.38235495502058764,0,2640.073413153683,2240.659807968323,3043.3170685363443,0
2023-02-13,google_product_001,Search,2857,0.1448944613242521,2.123447293958126,0.0342825395804393,0,-0.13373850102168322,0,2848.246563501508,2471.7028777334267,3249.8212510636563,0
2023-02-14,google_product_001,Search,3181,0.1364031585201817,4.619711445966137,0.0433260751032419,0,0.13747944879530336,0,3139.754109789098,2726.2140126465715,3556.3635783001096,0
2023-02-15,google_product_001,Search,3288,0.1708916234237014,3.3646376111743708,0.0493312807234107,0,0.2270483396299255,0,3164.677522649662,2781.6296636553657,3540.541904360937,0
2023-02-16,google_product_001,Search,2768,0.1786591562571153,2.8103333409096387,0.0377727929922339,0,-0.20823972797758386,0,3056.227307885273,2643.352976643456,3436.833139845614,0
2023-02-17,google_product_001,Search,2435,0.1526522065887554,3.375654610286776,0.0506517196571438,0,-0.48699150973393124,0,2825.0444469169324,2417.2401193399387,3239.6114342877254,0
2023-02-18,google_product_001,Search,2845,0.1943259024316578,3.8154746423441503,0.0545261674548617,0,-0.14378361027416423,0,2622.2897272711784,2242.2345515455486,3024.957952068799,0
2023-02-19,google_product_001,Search,2723,0.1157493265759948,3.395255335461788,0.0308367908092658,0,-0.24590888767438757,0,2713.303617541431,2317.057200973416,3104.374281664259,0
2023-02-20,google_product_001,Search,2750,0.1441902162216084,1.7944339429009308,0.0316307929620372,0,-0.22330739185630535,0,2916.5927173878863,2494.712267085699,3288.4042335076515,0
2023-02-21,google_product_001,Search,3454,0.1284953303819158,4.897066196887132,0.0385962494109466,0,0.3660056842892458,0,3203.070167975362,2812.726636716217,3625.998990813798,0
2023-02-22,google_product_001,Search,3234,0.0940039014878082,5.274875041278722,0.0430761266818919,0,0.18184534799376106,0,3222.8991927742227,2822.8827320088126,3615.998662580944,0
2023-02-23,google_product_001,Search,3293,0.147519579424719,4.651521991339505,0.0347543298623294,0,0.23123380181845923,0,3109.3741015649384,2696.2980466080394,3517.97239174979,0
2023-02-24,google_product_001,Search,2819,0.1463475747485015,2.862314329575184,0.0535220267886714,0,-0.1655480136545397,0,2873.2197069744693,2482.3180419124837,3291.3898345109396,0
2023-02-25,google_product_001,Search,1564,0.1954034922972639,3.798508466052482,0.0442406686151845,1,-1.2160990229765094,0,2665.6786274902715,2265.257224487701,3030.996998005651,1
2023-02-26,google_product_001,Search,3070,0.1689243505366433,3.993478684770542,0.0403944704824073,0,0.044562188209854255,0,2752.191121397409,2350.813927866541,3142.309795242915,0
2023-02-27,google_product_001,Search,2912,0.1192743952701238,4.598794389561911,0.0256409047613147,0,-0.08769841694781205,0,2951.313865417049,2559.799169041424,3331.398065692938,0
2023-02-28,google_product_001,Search,3398,0.2056227769900256,4.668340488718081,0.0268418418357249,0,0.3191285077776678,0,3234.0244565078665,2847.7699626676576,3635.281832932716,0
2023-03-01,google_product_001,Search,3399,0.1866310108657606,3.265826201221504,0.042810092502818,0,0.3199656002153746,0,3250.541511150089,2841.086527816449,3663.5876326046355,0
2023-03-02,google_product_001,Search,3390,0.1674629311040584,4.081995556413561,0.0186740437384516,0,0.3124317682760139,0,3134.204406379123,2738.7403389916094,3536.463314244251,0
2023-03-03,google_product_001,Search,2670,0.143205477034505,4.457280404615241,0.0501263740964407,0,-0.29027478687284525,0,2895.771711017914,2506.3169417589725,3302.0462954506597,0
2023-03-04,google_product_001,Search,2846,0.1212168228982956,5.455822322146767,0.0384184615562767,0,-0.14294651783645748,0,2686.507806278066,2295.6920410382704,3106.158887138268,0
2023-03-05,google_product_001,Search,2986,0.1388337967178684,4.704506539824723,0.0724309296959473,0,-0.02575357655751264,0,2771.840422454455,2383.434258858786,3175.5695209298988,0
2023-03-06,google_product_001,Search,2665,0.1826624585911255,4.789056687375519,0.0630791625061611,0,-0.294460249061379,0,2970.345183758427,2584.8816343769577,3371.8936266189016,0
2023-03-07,google_product_001,Search,3022,0.2065375891780382,4.083826627929361,0.0381855093075248,0,0.004381751199930313,0,3252.984595661458,2841.340868253586,3683.44399225627,0
2023-03-08,google_product_001,Search,2916,0.1962973058481656,5.410459145203504,0.0389366299746868,0,-0.08435004719698505,0,3269.9506796747214,2858.9724668828185,3680.1707391259606,0
2023-03-09,google_product_001,Search,3114,0.1353345173464117,4.409762795959497,0.0499558151400203,0,0.0813942554689512,0,3154.545608627373,2752.953225563394,3576.560790528336,0
2023-03-10,google_product_001,Search,3058,0.1164114770013296,3.1389120898264293,0.0570317260991803,0,0.03451707895737327,0,2917.4812965738593,2497.395444042655,3301.011618965457,0
2023-03-11,google_product_001,Search,3060,0.1542265874073361,5.403369970125191,0.0236197094256398,0,0.036191263832786764,0,2709.9674066750276,2318.534135952364,3128.9176342399624,0
2023-03-12,google_product_001,Search,2839,0.0969468190331144,4.697903272539028,0.0221362453464531,0,-0.1488061649004047,0,2797.370461681304,2396.2349801807695,3212.1027306138017,0
2023-03-13,google_product_001,Search,3391,0.1596950314255434,3.556955978871517,0.0337796519444561,0,0.3132688607137206,0,2998.2001019757126,2617.39785647508,3415.6891405433303,0
2023-03-14,google_product_001,Search,3030,0.1455719224110399,3.5205070326007566,0.0458273758317386,0,0.011078490701584304,0,3283.3498748928023,2900.3449931773766,3685.262215058232,0
2023-03-15,google_product_001,Search,3029,0.1360189049439527,4.296575545140762,0.0449687359050759,0,0.010241398263877556,0,3302.9417075514484,2919.6068504372483,3716.1811483931615,0
2023-03-16,google_product_001,Search,3203,0.1021589079819961,4.463184795267585,0.0506977145498385,0,0.15589548242485185,0,3190.2083630783054,2796.5984821137486,3596.281462229537,0
2023-03-17,google_product_001,Search,3036,0.1654080031970914,4.197292265631207,0.0280030247163469,0,0.016101045327824796,0,2955.7947822762453,2554.542349440741,3359.8571068292736,0
2023-03-18,google_product_001,Search,2796,0.1340189748101426,4.311308673442885,0.0168385613703112,0,-0.1848011397217949,0,2750.8477246458165,2355.13334265608,3128.0018745820007,0
2023-03-19,google_product_001,Search,2453,0.1149024949286913,5.69995737457638,0.0485801419530214,0,-0.47192384585520974,0,2840.6763480256045,2412.823848365586,3224.337590782977,0
2023-03-20,google_product_001,Search,3089,0.0638321336015505,5.071543152234886,0.0317180372703476,0,0.060466944526282485,0,3043.7397318729295,2646.238592128014,3441.172261344761,0
2023-03-21,google_product_001,Search,3086,0.1491745528484809,4.190635591265024,0.0198151213561136,0,0.05795566721316223,0,3330.8886945168124,2955.1736547057067,3772.2993028213,0
2023-03-22,google_product_001,Search,3544,0.2031675479000923,4.941310580767484,0.0414506374595938,0,0.44134400368285315,0,3352.2110307578405,2956.2171414500863,3751.7492304178622,0
2023-03-23,google_product_001,Search,3326,0.199837776436436,2.9674760964724607,0.0479317568821867,0,0.25885785226278196,0,3240.9144520647733,2848.9180569485175,3660.2577384924966,0
2023-03-24,google_product_001,Search,2809,0.1362871123024118,4.397927049946809,0.0387794286787872,0,-0.17391893803160718,0,3007.6281225097537,2630.977002140351,3421.3101823963334,0
2023-03-25,google_product_001,Search,2737,0.1319336381891465,5.80930634973311,0.0354215161381751,0,-0.23418959354649307,0,2803.492204345222,2417.733127720368,3199.7216215290837,0
2023-03-26,google_product_001,Search,2690,0.1640632276822507,3.7819541046076255,0.0384063776785409,0,-0.27353293811871027,0,2893.818061343195,2505.3049419736985,3305.551706369941,0
2023-03-27,google_product_001,Search,3129,0.1200484368243512,3.152366071380915,0.0362941723759921,0,0.09395064203455243,0,3097.0751422999974,2695.9860104443655,3490.8303777692176,0
2023-03-28,google_product_001,Search,3571,0.1590537569945839,3.3479111114069395,0.0265195288805983,0,0.4639454995009354,0,3384.1319203567577,2963.493881827421,3749.5434635229244,0
2023-03-29,google_product_001,Search,3245,0.1729824083515407,2.910366962657612,0.0328531932300956,0,0.1910533648085353,0,3405.1000469208634,3017.939740188756,3803.3681522657034,0
2023-03-30,google_product_001,Search,3385,0.1868079967165292,3.2152380918722967,0.0452127990501381,0,0.3082463060874801,0,3293.2160409850435,2930.6788780238235,3695.428197038434,0
2023-03-31,google_product_001,Search,2922,0.1469953777056014,3.629491901409971,0.043216785413765,0,-0.07932749257074456,0,3059.141450308849,2659.200124953414,3452.776142755804,0
2023-04-01,google_product_001,Search,2711,0.143889787494691,2.5944329808213578,0.0416805980596682,0,-0.25595399692686854,0,2854.050945270014,2484.4448999096153,3284.216397650458,0
2023-04-02,google_product_001,Search,2909,0.1236605223973031,4.015618333949603,0.0300485151814662,0,-0.0902096942609323,0,2943.2966370391077,2539.4058904020762,3358.515524808187,0
2023-04-03,google_product_001,Search,2962,0.1251935893788042,4.902277173786647,0.0381849683786433,0,-0.045843795062474615,0,3145.3767186005052,2769.4065183298144,3527.349899069535,0
2023-04-04,google_product_001,Search,3296,0.1432056332429541,3.0922438198530795,0.0182293495355714,0,0.23374507913157946,0,3431.191799267035,3047.29665883428,3839.1749567123384,0
2023-04-05,google_product_001,Search,3228,0.1610209652044853,5.519283923641769,0.0417847666388539,0,0.17682279336752055,0,3450.8821907353376,3055.674640950501,3868.0301706247574,0
2023-04-06,google_product_001,Search,3701,0.1774075387869974,4.5107920885275945,0.0542885770781356,0,0.5727675164028128,0,3337.7084806960233,2942.4090694743772,3725.750271069919,0
2023-04-07,google_product_001,Search,3058,0.1259046314795896,5.030580585624057,0.0252586786795789,0,0.03451707895737327,0,3102.3507724991296,2670.892029694904,3483.8977539646094,0
2023-04-08,google_product_001,Search,2751,0.1947806570687856,3.342165446147863,0.0341407232668224,0,-0.2224702994185986,0,2895.996081985358,2476.009422189304,3290.4144886050694,0
2023-04-09,google_product_001,Search,2995,0.1418662919687229,4.854525227066616,0.0432910677871012,0,-0.018219744618151904,0,2983.9966114835092,2582.787126411815,3357.9376571311404,0
2023-04-10,google_product_001,Search,3166,0.1493589811695469,2.908066099604687,0.0525284263442748,0,0.12492306222970213,0,3184.85498774959,2785.8852989824804,3597.832996135481,0
2023-04-11,google_product_001,Search,3381,0.1275836496255653,4.890247500836509,0.0355177538369985,0,0.30489793633665313,0,3469.46389436315,3042.7757437617356,3873.0803889665112,0
2023-04-12,google_product_001,Search,3609,0.0772727921918117,4.171839339793531,0.033077496707341,0,0.49575501213379186,0,3487.949300994355,3113.0758974062087,3900.895783722569,0
2023-04-13,google_product_001,Search,3477,0.1765213618908314,4.553251219984784,0.0203107685758391,0,0.385258810356501,0,3373.551641354019,2972.1392340223274,3783.3503048066286,0
2023-04-14,google_product_001,Search,2961,0.172105316912773,2.824405394375148,0.041034381293081,0,-0.04668088750018136,0,3136.925893774677,2748.797359939371,3566.003944196978,0
2023-04-15,google_product_001,Search,2791,0.1415601732864536,3.104930157723395,0.0604207604014374,0,-0.18898660191032865,0,2929.2300285537676,2534.875223310961,3300.4952695892,0
2023-04-16,google_product_001,Search,2911,0.1520097215167461,4.597228218253385,0.0427735846196467,0,-0.0885355093855188,0,3015.7845081679347,2598.199667997405,3413.148127074507,0
2023-04-17,google_product_001,Search,2741,0.1654781765311229,3.0516519957757997,0.0397772102081628,0,-0.2308412237956661,0,3215.0588873206025,2796.7105278550607,3590.8153445661055,1
2023-04-18,google_product_001,Search,3135,0.1031236242934037,4.463206292099123,0.0432208231076698,0,0.09897319666079292,0,3497.9128988472758,3107.5697645401647,3900.259101217679,0
2023-04-19,google_product_001,Search,3770,0.1341284196796111,2.6328621935397543,0.0398890799605139,0,0.6305268946045784,0,3514.4411800728103,3127.2090551539027,3938.799508853045,0
2023-04-20,google_product_001,Search,3664,0.1738279403886548,4.8481742126666685,0.0318698562773987,0,0.541795096207663,0,3397.8559417348292,3006.7376379472807,3773.206896833709,0
2023-04-21,google_product_001,Search,3026,0.1123713173049225,2.767476685231491,0.048232799156777,0,0.007730120950757309,0,3158.7884834196193,2760.0125247989668,3535.0398050488166,0
2023-04-22,google_product_001,Search,3030,0.1588067379649988,4.552299937679523,0.0422576152311175,0,0.011078490701584304,0,2948.3789708133577,2546.259945334547,3350.823473904141,0
2023-04-23,google_product_001,Search,3035,0.1093025458612978,4.625630933646001,0.0401761325193365,0,0.015263952890118048,0,3031.937114793438,2641.969052201973,3420.0159802489416,0
2023-04-24,google_product_001,Search,3824,0.1639928994730057,3.303228181570425,0.0302463397272175,0,0.6757298862407428,0,3227.9297573998715,2837.2869788164235,3655.5318967758603,1
2023-04-25,google_product_001,Search,3667,0.1489307555310755,4.582026567084727,0.0530350793193475,0,0.5443063735207833,0,3507.2227142457714,3126.068346027145,3889.5244070557474,0
2023-04-26,google_product_001,Search,5475,0.1015460455228347,4.260442263333556,0.0466470274533311,1,2.057769500894585,1,3519.9259981700043,3116.2399377422703,3933.6639179716108,1
2023-04-27,google_product_001,Search,3147,0.1849421806337151,3.461158143807262,0.0344707916263269,0,0.10901830591327391,0,3399.276704012608,2985.206301571674,3824.2923913295986,0
2023-04-28,google_product_001,Search,2757,0.1279622526960585,2.991445315923792,0.0500182485368193,0,-0.21744774479235812,0,3155.9404446130793,2724.5414917478806,3559.6137298785284,0
2023-04-29,google_product_001,Search,2956,0.1256924268895685,2.037374308327421,0.0350242916161479,0,-0.050866349688715104,0,2941.1007482922287,2564.794309747268,3352.707821148308,0
2023-04-30,google_product_001,Search,2822,0.1560170759169283,4.3496500472996935,0.0321799650748896,0,-0.16303673634141944,0,3020.1190618896953,2607.8501412775545,3439.9566349888382,0
2023-05-01,google_product_001,Search,2923,0.1844591204828614,2.4351972286379446,0.0324029688251971,0,-0.07849040013303782,0,3211.521377480611,2791.487615058597,3616.683194685327,0
2023-05-02,google_product_001,Search,3312,0.119525345430648,4.095344199441308,0.022289314469119,0,0.24713855813488747,0,3486.238854113375,3087.816460660555,3867.4977970845107,0
2023-05-03,google_product_001,Search,3282,0.1518503954954391,3.736551783917751,0.044715423804182,0,0.222025785003685,0,3494.451589348192,3123.4856198399343,3906.0145403571814,0
2023-05-04,google_product_001,Search,3672,0.1628644950099171,4.679142775438195,0.0216885512166165,0,0.548491835709317,0,3369.4698577710915,2967.575133894395,3801.207992720182,0
2023-05-05,google_product_001,Search,3250,0.1707931682178943,3.697954500510136,0.0277155616873423,0,0.19523882699706904,0,3122.0337501912395,2712.0420385821003,3487.586619153296,0
2023-05-06,google_product_001,Search,2909,0.1552932466583167,3.670552213652909,0.0192441199092146,0,-0.0902096942609323,0,2903.4006724893984,2493.0467703744966,3309.4891359495264,0
2023-05-07,google_product_001,Search,3263,0.1389891648275003,4.731870704288296,0.039139303072091,0,0.20612102868725676,0,2979.0299886404764,2591.011475313256,3396.562043734288,0
2023-05-08,google_product_001,Search,3215,0.1251722933805384,4.335058029084117,0.0384967953972812,0,0.16594059167733283,0,3167.4879402007064,2768.7844011607062,3560.770665314809,0
2023-05-09,google_product_001,Search,3261,0.1525843164913912,4.316155957182779,0.0367330378681363,0,0.20444684381184328,0,3439.7661496721757,3058.2573868516506,3867.351063102179,0
2023-05-10,google_product_001,Search,3794,0.1178358296404318,4.469267589808526,0.0295742230532942,0,0.6506171131095404,0,3446.0970358818504,3020.9873276506232,3850.172898126184,0
2023-05-11,google_product_001,Search,3433,0.0623594854951617,2.464427876792894,0.0282776624656336,0,0.34842674309740407,0,3319.8334506652677,2923.1024586977533,3722.812659366536,0
2023-05-12,google_product_001,Search,2856,0.16309679412473,4.756788679986982,0.0446436986354657,0,-0.13457559345939,0,3071.746930081218,2683.9178679476013,3460.089868220356,0
2023-05-13,google_product_001,Search,2861,0.1771180452325858,4.612468794013602,0.0344944806829151,0,-0.13039013127085625,0,2853.1140612762065,2464.811566411677,3228.8022859267676,0
2023-05-14,google_product_001,Search,2780,0.0791120269337448,2.9833168714235025,0.0431635832153614,0,-0.19819461872510288,0,2929.3736968563685,2512.4738384234984,3313.1355331389427,0
2023-05-15,google_product_001,Search,1411,0.1197080788587018,3.7559195263257994,0.0311475131387577,1,-1.3441741659456419,0,3119.111117156485,2706.812410642215,3521.2042247493036,1
2023-05-16,google_product_001,Search,3605,0.1685746278301559,3.960692712372369,0.0418106274277108,0,0.49240664238296483,0,3393.29658599335,2993.1544775197162,3770.599924800376,0
2023-05-17,google_product_001,Search,3857,0.2117248640913509,3.865503215598267,0.0530327803731606,0,0.7033539366850655,0,3402.127518733101,2964.691153981045,3814.565352489424,1
2023-05-18,google_product_001,Search,3030,0.1506238112302622,4.333859966568535,0.0458616580039278,0,0.011078490701584304,0,3278.908631865328,2850.1915642093345,3659.041232031466,0
2023-05-19,google_product_001,Search,3160,0.1281599117631259,5.431366781831184,0.0358758618178352,0,0.11990050760346165,0,3034.3510460758516,2647.970420994407,3461.1044257490357,0
2023-05-20,google_product_001,Search,2752,0.1445131067668548,5.081766727672829,0.0425719897035592,0,-0.22163320698089187,0,2819.6598252869244,2421.976888362662,3223.7893664591616,0
2023-05-21,google_product_001,Search,2840,0.1912462925744455,2.6877808065685937,0.0375933482546978,0,-0.14796907246269797,0,2900.1926559592307,2494.8511130001298,3307.8224059334602,0
2023-05-22,google_product_001,Search,3050,0.1306210746262639,4.6220699903060485,0.0400788018469472,0,0.027820339455719278,0,3094.445731344693,2718.3934346943615,3481.4342829306693,0
2023-05-23,google_product_001,Search,3228,0.1260242398004923,5.32893331953541,0.0367438894785149,0,0.17682279336752055,0,3373.29424337925,2973.302753975961,3786.043738117168,0
2023-05-24,google_product_001,Search,3465,0.135517694334539,4.386808520689202,0.038356647941146,0,0.37521370110402,0,3386.8366521747776,2998.665665061738,3766.228493159248,0
2023-05-25,google_product_001,Search,3124,0.1214001417522386,5.090980425185967,0.0421209335307417,0,0.08976517984601869,0,3268.277048765943,2868.5393494504947,3690.824406074443,0
2023-05-26,google_product_001,Search,3080,0.1536801094798438,6.012270445700765,0.0300664130041804,0,0.052933112586921745,0,3028.226526410551,2638.4427848551,3425.392216026574,0
2023-05-27,google_product_001,Search,2851,0.1987403537540868,5.023709546106981,0.0298412117301002,0,-0.13876105564792374,0,2817.792984622601,2410.2429799700412,3217.386866080814,0
2023-05-28,google_product_001,Search,2867,0.1596923781934808,4.249308595641729,0.0261145744616878,0,-0.12536757664461576,0,2902.2420119905246,2504.6216534742603,3323.4511227864914,0
2023-05-29,google_product_001,Search,2965,0.1424293949362113,5.0450884740847535,0.0239972889549629,0,-0.043332517749354364,0,3099.984855809171,2686.598020533115,3506.8052524920927,0
2023-05-30,google_product_001,Search,3262,0.1412456619325336,4.144887833096891,0.0278271730777952,0,0.20528393624955002,0,3381.8208278359293,3009.1447980934777,3757.85561370513,0
2023-05-31,google_product_001,Search,3582,0.1031042757391002,4.023903043284956,0.0415946250680412,0,0.4731535163157096,0,3397.7832673633966,3006.8048396699605,3804.637757810129,0
2023-06-01,google_product_001,Search,3365,0.1764932933144147,3.6485857642862674,0.0310721248450811,0,0.2915044573333451,0,3281.023334524718,2877.1622464234442,3680.183583383269,0
2023-06-02,google_product_001,Search,2806,0.1476648840896159,5.563413358832108,0.0451361446423109,0,-0.17643021534472741,0,3042.1125135923107,2646.861536988982,3459.194330191773,0
2023-06-03,google_product_001,Search,2855,0.1445856025922812,3.1815713340579985,0.0403471374875256,0,-0.13541268589709674,0,2832.1332229800387,2442.929571120252,3254.0574247224117,0
2023-06-04,google_product_001,Search,3039,0.2457932270353458,5.532367724678116,0.0203149578656194,0,0.018612322640945044,0,2916.340159426182,2517.2672040568746,3344.7384355110894,0
2023-06-05,google_product_001,Search,2785,0.1589625872509706,4.499864123740371,0.0465497558422169,0,-0.19400915653656914,0,3113.1483750977554,2708.9165395984605,3532.0017832003014,0
2023-06-06,google_product_001,Search,3458,0.1274462684971444,2.6006938251980585,0.0481079864559171,0,0.36935405404007277,0,3393.3754371580976,2979.5017544373545,3771.1100607070775,0
2023-06-07,google_product_001,Search,3271,0.1372092721138336,4.3676492929914215,0.0300613732516514,0,0.21281776818891077,0,3407.0868006643877,3018.699202396207,3825.089954125256,0
2023-06-08,google_product_001,Search,3351,0.1844533712759026,1.899973492348376,0.0442019154289499,0,0.27978516320545066,0,3287.4786864915445,2864.8809409276555,3671.4818600688977,0
2023-06-09,google_product_001,Search,2820,0.1533981123161329,4.625508016831036,0.031435017625908,0,-0.16471092121683295,0,3045.179371337519,2617.0962925956483,3437.4502139788465,0
2023-06-10,google_product_001,Search,2445,0.1068516606504789,4.885231482988991,0.0409767037674833,0,-0.47862058535686375,0,2831.338321492306,2403.0622934168387,3190.188146736466,0
2023-06-11,google_product_001,Search,2534,0.177576868037256,3.4076440443479465,0.0273550159304503,0,-0.4041193584009631,0,2911.3212149781334,2496.261597961784,3295.5919996824814,0
2023-06-12,google_product_001,Search,3099,0.1299556774338301,4.123547695955582,0.0220689354746542,0,0.06883786890334997,0,3103.590020286126,2704.563839288722,3499.486200093803,0
2023-06-13,google_product_001,Search,3371,0.2061989332865263,5.954157433750286,0.0361718281038703,0,0.29652701195958564,0,3379.0492874030583,2945.365478368877,3790.3213342344943,0
2023-06-14,google_product_001,Search,3192,0.1824014419714394,3.4942532957380634,0.0387627105372516,0,0.14668746561007762,0,3387.854080585806,2980.9320974576376,3789.278830251327,0
2023-06-15,google_product_001,Search,3334,0.1365803431302374,2.9410924129434,0.0360232030638539,0,0.2655545917644359,0,3263.2907767934144,2876.103721551571,3652.4006509711485,0
2023-06-16,google_product_001,Search,2609,0.1884304908520533,5.481663402462599,0.0281596944177744,0,-0.34133742557295693,0,3016.076315532073,2581.486739174607,3387.7685084709165,0
2023-06-17,google_product_001,Search,2761,0.1520356653158221,5.962587190530795,0.0360010093786886,0,-0.21409937504153112,0,2797.4453839574153,2408.130103441592,3209.981623552152,0
2023-06-18,google_product_001,Search,2585,0.1755832102536665,4.003695671847847,0.0426929475258073,0,-0.3614276440779189,0,2872.8082550616073,2467.1960178717704,3287.981111429008,0
2023-06-19,google_product_001,Search,2927,0.1645419845188342,5.011463035408356,0.0395510696987746,0,-0.07514203038221082,0,3060.7353686040915,2632.0088574534557,3463.3831764558404,0
2023-06-20,google_product_001,Search,3296,0.1246093003502737,5.341475915530881,0.0418250103059921,0,0.23374507913157946,0,3332.1960933839246,2911.2801701135495,3731.954622280192,0
2023-06-21,google_product_001,Search,3168,0.1306935050304761,3.257515767461616,0.0332988479954576,0,0.12659724710511563,0,3337.4008863892254,2957.2206261384113,3743.778516654703,0
2023-06-22,google_product_001,Search,3096,0.1808988245274348,3.5146941646321315,0.0517171791471616,0,0.06632659159022972,0,3209.6812184872388,2805.3712732071,3591.439454951429,0
2023-06-23,google_product_001,Search,3109,0.1399567400368037,5.230874513154735,0.0282382666344521,0,0.07720879328041745,0,2959.788242945172,2596.9143877479783,3354.910539955679,0
2023-06-24,google_product_001,Search,2625,0.1378905461027401,5.685014278708509,0.0448756029708671,0,-0.3279439465696489,0,2738.9796971342735,2345.575316442697,3133.9363219196516,0
2023-06-25,google_product_001,Search,2961,0.1213463226195194,4.562880860174355,0.0518189109295996,0,-0.04668088750018136,0,2812.6777531194866,2419.9536717746096,3190.487619942872,0
2023-06-26,google_product_001,Search,2797,0.1627079719678038,3.1201856464979456,0.0448090809274889,0,-0.18396404728408816,0,2999.453896378472,2584.9126976348407,3394.3709359411123,0
2023-06-27,google_product_001,Search,3359,0.2118757475772943,5.987061111699441,0.0379747577293517,0,0.28648190270710466,0,3270.2682528917812,2864.208231265151,3654.9098991415112,0
2023-06-28,google_product_001,Search,3594,0.1179740125723718,3.469029102188036,0.0347170295333702,0,0.4831986255681906,0,3275.312554586106,2854.6814251342307,3670.1964876482198,0
2023-06-29,google_product_001,Search,2644,0.1507265837001827,3.664862218828549,0.0503608765104625,0,-0.31203919025322074,0,3147.891080974531,2759.677064786954,3551.23368785491,1
2023-06-30,google_product_001,Search,2714,0.1923666166624628,4.342337834489621,0.0257702507473832,0,-0.2534427196137483,0,2898.7205161961556,2492.890267237776,3285.90921710072,0
2023-07-01,google_product_001,Search,2821,0.1476107582626285,5.554160420714775,0.0302987573962035,0,-0.16387382877912618,0,2679.0181707272877,2267.144883052272,3071.537998598649,0
2023-07-02,google_product_001,Search,2718,0.163571153887492,4.853975976552224,0.0360244223450827,0,-0.25009434986292134,0,2754.1612397024046,2367.0167286760457,3158.627649983595,0
2023-07-03,google_product_001,Search,3063,0.1181281941555936,4.414865500361911,0.0523765375751199,0,0.038702541145907016,0,2942.673131998336,2534.5309230486523,3333.2367572996477,0
2023-07-04,google_product_001,Search,3097,0.1628492129162294,4.463288530118106,0.0437976763604089,0,0.06716368402793647,0,3215.46424534787,2818.2287048670264,3602.022482390528,0
2023-07-05,google_product_001,Search,3288,0.1443856720498635,4.043514668643466,0.0303195424148975,0,0.2270483396299255,0,3222.676333948713,2847.3649446734066,3609.876179875087,0
2023-07-06,google_product_001,Search,3073,0.1795718998703958,4.558139514518507,0.0368969229461509,0,0.0470734655229745,0,3097.5647656946144,2716.209106426016,3500.0199847083204,0
2023-07-07,google_product_001,Search,3072,0.1856215815469425,1.470439922305697,0.033856768559037,0,0.046236373085267755,0,2850.7995715072952,2476.7973497240446,3283.181882111217,0
2023-07-08,google_product_001,Search,2722,0.2276869092605584,3.7033925409302015,0.0329021100776646,0,-0.2467459801120943,0,2633.554704389601,2235.713101078185,3053.5053095770736,0
2023-07-09,google_product_001,Search,2792,0.1673889951964072,4.241321934916781,0.0497888955855677,0,-0.1881495094726219,0,2711.1681544414187,2317.102184042162,3100.715626688382,0
2023-07-10,google_product_001,Search,2872,0.159773889497465,2.848985916380493,0.0262825687073649,0,-0.121182114456082,0,2902.1289349694434,2483.3040770710245,3288.868989283565,0
2023-07-11,google_product_001,Search,3086,0.15583152904732,4.38632331781156,0.0560878085573437,0,0.05795566721316223,0,3177.318303041359,2781.0389113658002,3593.595683405054,0
2023-07-12,google_product_001,Search,3150,0.1394050112156793,3.7955287790138783,0.0482822969018462,0,0.11152958322639416,0,3186.854356447341,2793.4841946518463,3598.4702851526818,0
2023-07-13,google_product_001,Search,3149,0.1601545153038507,5.7554756983154896,0.0509086167060369,0,0.11069249078868741,0,3063.974307049211,2671.6615054532563,3438.2345653533916,0
2023-07-14,google_product_001,Search,2720,0.1411379576958291,5.573019725214857,0.0353706048797474,0,-0.24842016498750782,0,2819.3353430186426,2434.247010497083,3234.613442518671,0
2023-07-15,google_product_001,Search,2695,0.1550538292880884,3.534194430881837,0.0385005928092089,0,-0.26934747593017655,0,2604.1035143120766,2200.2938405600635,3013.8575307316128,0
2023-07-16,google_product_001,Search,3106,0.1895279260682388,3.849162288433305,0.0256684818547528,0,0.0746975159672972,0,2683.6193221789863,2293.766599287042,3053.4231333650373,1
2023-07-17,google_product_001,Search,3095,0.1198037230416107,3.926052434391608,0.0347533759293319,0,0.06548949915252297,0,2876.3659965856914,2450.4647583084857,3284.065902953882,0
2023-07-18,google_product_001,Search,3085,0.1841963568338713,3.5483405238403773,0.0449365484764315,0,0.05711857477545548,0,3153.227975323437,2772.201570028136,3552.227144548638,0
2023-07-19,google_product_001,Search,3444,0.1895134520201959,4.195024984028127,0.0529606306178139,0,0.3576347599121783,0,3164.3286434566717,2756.76837912572,3555.827450733828,0
2023-07-20,google_product_001,Search,2955,0.1464579441902676,3.24171793111241,0.0289284318319754,0,-0.051703442126421854,0,3042.911729106695,2635.0258933906416,3427.2981869474993,0
2023-07-21,google_product_001,Search,2365,0.0863443530297421,2.8693846650624737,0.0363449406301473,0,-0.5455879803734036,0,2799.64129354733,2381.862637399104,3175.7475168015276,1
2023-07-22,google_product_001,Search,2404,0.131765340387167,4.622711223900269,0.0384870077976747,0,-0.5129413753028405,0,2585.6897864482357,2190.1202430142553,3007.710809278979,0
2023-07-23,google_product_001,Search,2285,0.1889098363968332,4.629529584221811,0.0260421079780751,0,-0.6125553753899435,0,2666.3968696491256,2267.5367789219176,3045.5406180605482,0
2023-07-24,google_product_001,Search,2819,0.1493139581310335,3.1956842403400074,0.045913492417584,0,-0.1655480136545397,0,2860.2550836888718,2472.7396070380883,3251.6099163657054,0
2023-07-25,google_product_001,Search,3123,0.1200209330311526,4.895355430762599,0.0327600966825739,0,0.08892808740831194,0,3138.149779296603,2732.7655600789917,3562.9469597307034,0
2023-07-26,google_product_001,Search,3508,0.1348567523631534,3.3684222708346687,0.0380460964882297,0,0.4112086759254102,0,3150.202512417343,2734.8446489965627,3580.899378953989,0
2023-07-27,google_product_001,Search,3072,0.1752186007951365,4.253165238037981,0.0354805062808812,0,0.046236373085267755,0,3029.6522551311946,2637.719606228775,3408.7890806051755,0
2023-07-28,google_product_001,Search,2698,0.1664020070460413,4.820344012612456,0.0321066149428032,0,-0.26683619861705626,0,2787.1553812079487,2360.153095118862,3171.507682626326,0
2023-07-29,google_product_001,Search,2742,0.1428320370249091,3.966387435296287,0.0399295501451944,0,-0.23000413135795933,0,2573.873899218319,2188.904651536796,2979.260728980018,0
2023-07-30,google_product_001,Search,2188,0.1389952676455593,4.454740912141134,0.0378439042143197,0,-0.6937533418474982,0,2655.1346316283666,2256.8352070511924,3054.872154453365,1
2023-07-31,google_product_001,Search,2908,0.1382472555286853,3.4835703561124283,0.0362814211772133,0,-0.09104678669863904,0,2849.415402305149,2436.3302801779205,3261.7543510134415,0
2023-08-01,google_product_001,Search,3245,0.1223276944650449,3.803533416571903,0.0327153837831965,0,0.1910533648085353,0,3127.585636330556,2740.877277017707,3535.7341214390754,0
2023-08-02,google_product_001,Search,2850,0.1984612706840832,3.79414056911966,0.0431952467078295,0,-0.13959814808563048,0,3139.7505464851683,2759.928896790264,3530.128760048617,0
2023-08-03,google_product_001,Search,3208,0.1403303859236598,3.2534216534597613,0.0565361726849228,0,0.1600809446133856,0,3019.1332294198783,2628.055060278361,3420.445055728003,0
2023-08-04,google_product_001,Search,2783,0.1865147556247648,3.823225836884218,0.0413988723283912,0,-0.19568334141198265,0,2776.3755967708876,2395.166348311193,3173.7089667897376,0
2023-08-05,google_product_001,Search,2467,0.1956394815576735,2.451381701136253,0.0499611821491112,0,-0.4602045517273153,0,2562.6275775909653,2186.106888726146,2995.658801688803,0
2023-08-06,google_product_001,Search,2731,0.1799493269444388,3.508846252857895,0.0260977807484653,0,-0.2392121481727336,0,2643.207252215849,2241.585417819332,3034.878875685123,0
2023-08-07,google_product_001,Search,3289,0.1370513906184585,3.715124506630329,0.0415776143929376,0,0.22788543206763223,0,2836.587941095278,2419.735910843705,3196.203026876098,1
2023-08-08,google_product_001,Search,3103,0.1621119027100983,3.74382024750462,0.0290263168102893,0,0.07218623865417696,0,3113.6396145043273,2690.9920687787144,3552.8116990559683,0
2023-08-09,google_product_001,Search,3171,0.1492741318082725,3.758502554129221,0.0252307507246809,0,0.1291085244182359,0,3124.473761602128,2705.302144955345,3514.3810014829496,0
2023-08-10,google_product_001,Search,2864,0.1228889441780961,3.938235800139871,0.0326062859254096,0,-0.127878853957736,0,3002.3260094144625,2604.9001235149913,3408.172556254487,0
2023-08-11,google_product_001,Search,2523,0.159730778451648,4.479441518086064,0.0519189933441357,0,-0.4133273752157373,0,2757.857389154047,2381.1485050085944,3156.55518321408,0
2023-08-12,google_product_001,Search,2693,0.1146288062652059,4.874517074132522,0.0495001582866964,0,-0.27102166080559004,0,2542.2436640537944,2118.4547553807292,2944.3681552323296,0
2023-08-13,google_product_001,Search,2411,0.1856303816538469,3.350234773151733,0.042430047220544,0,-0.5070817282388932,0,2620.835363160627,2236.919342882273,3018.0925124712003,0
2023-08-14,google_product_001,Search,2829,0.1360614810810482,2.796799144610856,0.0246729944011006,0,-0.1571770892774722,0,2812.1445361574747,2397.5799335058323,3178.5367888090495,0
2023-08-15,google_product_001,Search,2951,0.1560347896761851,2.957955587756897,0.0380371934861206,0,-0.05505181187724885,0,3087.085594319411,2674.064091313901,3482.749894301876,0
2023-08-16,google_product_001,Search,3198,0.1584986361463842,3.5127970788050726,0.0430170000890173,0,0.1517100202363181,0,3095.8193831537583,2695.751653229113,3461.2186391655873,0
2023-08-17,google_product_001,Search,3004,0.1422328507888776,3.648078682183491,0.0417553622957859,0,-0.010685912678791164,0,2971.6347922040204,2550.1271138749626,3358.788492898203,0
2023-08-18,google_product_001,Search,2882,0.1676008140442582,3.230003933802543,0.0215620641651925,0,-0.11281119007901451,0,2725.2488219417505,2310.813293171818,3095.311346639713,0
2023-08-19,google_product_001,Search,2408,0.1357528903013242,2.7038833357501053,0.0310968215198012,0,-0.5095930055520135,0,2507.894551408817,2081.353403036053,2884.512164493068,0
2023-08-20,google_product_001,Search,2512,0.1761389189237173,3.543879172525812,0.0393592223585128,0,-0.42253539203051155,0,2584.979688172479,2206.781471656926,2971.440773511023,0
2023-08-21,google_product_001,Search,2603,0.1096206095925975,4.181426620113971,0.0453629090951719,0,-0.34635998019919745,0,2775.0717501184517,2349.1101580421573,3161.473064728163,0
2023-08-22,google_product_001,Search,2942,0.1537913873863923,4.595029465835565,0.0180387217890005,0,-0.06258564381660958,0,3049.1373025893904,2659.5394893305806,3441.4915029370286,0
2023-08-23,google_product_001,Search,3163,0.2081678699717485,3.4425769468916787,0.0383787602452014,0,0.12241178491658189,0,3057.3844312138212,2663.7294138497077,3447.807461543165,0
2023-08-24,google_product_001,Search,3075,0.1199900602618327,3.587002177856566,0.0414304876987895,0,0.048747650398388,0,2933.142811869194,2541.6717471167335,3359.2676463509524,0
2023-08-25,google_product_001,Search,2477,0.1296676508842544,3.073301691152689,0.0484961198851621,0,-0.4518336273502478,0,2687.1623456416487,2315.873731449728,3065.3998603176556,0
2023-08-26,google_product_001,Search,2672,0.1654172354897674,3.968560829625224,0.0469285758423743,0,-0.28860060199743176,0,2470.6998500334917,2075.628166230604,2850.92736374287,0
2023-08-27,google_product_001,Search,2826,0.1553874534581879,3.1515713658091853,0.045825713188088,0,-0.15968836659059243,0,2549.1765310858837,2142.6314711669497,2952.649811034219,0
2023-08-28,google_product_001,Search,2871,0.1605189029782067,4.5731278132412,0.0320005949329806,0,-0.12201920689378876,0,2741.1623323729923,2359.315918714709,3150.504195134592,0
2023-08-29,google_product_001,Search,3397,0.1646756139044299,2.214133508065889,0.0209199786287669,0,0.3182914153399611,0,3017.6146050265143,2607.969597061344,3420.9775497082956,0
2023-08-30,google_product_001,Search,2924,0.1690416440568531,3.6403703275475374,0.0360694724293859,0,-0.07765330769533106,0,3028.7203191244835,2629.1222301154316,3417.518166693588,0
2023-08-31,google_product_001,Search,2667,0.1832909952586867,4.301107339191742,0.0500163182520856,0,-0.2927860641859655,0,2907.776189932653,2524.0459650069147,3314.0413127664624,0
2023-09-01,google_product_001,Search,2299,0.1622945597078553,4.183834516322504,0.0539345452752443,0,-0.600836081262049,0,2665.4876979646674,2253.231239664317,3064.3448604039418,0
2023-09-02,google_product_001,Search,2791,0.1427622703614437,6.693033663980497,0.0471054910229778,0,-0.18898660191032865,0,2453.0564945495826,2054.1456080120975,2844.7658802366955,0
2023-09-03,google_product_001,Search,2680,0.1701772110360819,4.349800024567908,0.0442934082280173,0,-0.28190386249577776,0,2535.83890833258,2120.9709510615985,2900.638134578447,0
2023-09-04,google_product_001,Search,2772,0.2069964580468564,2.995945403157989,0.0437963964838596,0,-0.2048913582267569,0,2732.3316299265584,2319.901997406743,3135.5402556906015,0
2023-09-05,google_product_001,Search,3074,0.1460209876085227,3.904535752910927,0.0344388125323922,0,0.04791055796068125,0,3013.41199082096,2598.2068648574036,3434.682685278137,0
2023-09-06,google_product_001,Search,2851,0.1207641208598807,2.223753666533548,0.0386993970644638,0,-0.13876105564792374,0,3029.1820202297895,2673.2403645755335,3434.6863086261997,0
2023-09-07,google_product_001,Search,3403,0.1832124200786091,3.919400250703239,0.0566906952582633,0,0.3233139699662016,0,2912.850608912596,2511.966285364805,3316.299703998095,1
2023-09-08,google_product_001,Search,2680,0.146388565081392,3.166943942999241,0.0305744199420812,0,-0.28190386249577776,0,2675.0347078781683,2269.22674957571,3064.647305510647,0
2023-09-09,google_product_001,Search,2514,0.0848199136195789,4.915390275560162,0.0561477879070985,0,-0.42086120715509806,0,2466.848997225731,2061.3138566432394,2838.218800450794,0
2023-09-10,google_product_001,Search,2696,0.1754226503145126,3.450459725404465,0.0367797184550794,0,-0.2685103834924698,0,2553.566680362836,2135.0164206445884,2960.1231004233678,0
2023-09-11,google_product_001,Search,2882,0.1339401544213823,3.883234084204753,0.0532543210909507,0,-0.11281119007901451,0,2753.6074184475897,2350.4787665013914,3141.6723465633604,0
2023-09-12,google_product_001,Search,3066,0.1472840015308751,3.3644421585955966,0.0259318499050246,0,0.04121381845902726,0,3037.7797583934907,2652.057572009231,3441.2500131613465,0
2023-09-13,google_product_001,Search,2922,0.1599594099170704,5.738851351853331,0.0458590420116464,0,-0.07932749257074456,0,3056.1271766948994,2667.8371488177777,3469.544070122022,0
2023-09-14,google_product_001,Search,3013,0.155714990393372,3.678757233882088,0.0326322986405237,0,-0.003152080739430425,0,2941.8120098889153,2529.3512603616914,3336.7534628740796,0
2023-09-15,google_product_001,Search,3036,0.1712835545141711,5.832557043479202,0.0258473280807581,0,0.016101045327824796,0,2705.4181461246662,2296.2028719899395,3129.2832234901493,0
2023-09-16,google_product_001,Search,2768,0.1369354088829047,4.814151762118266,0.0421853404241094,0,-0.20823972797758386,0,2498.0418661883746,2088.867866251669,2888.5593874034817,0
2023-09-17,google_product_001,Search,2877,0.1653931739452824,4.482066727335386,0.0500947178859596,0,-0.11699665226754825,0,2584.9534501790235,2190.4878356067975,2993.7712933408175,0
2023-09-18,google_product_001,Search,2692,0.1422135996724824,4.36873314731752,0.031550585614065,0,-0.2718587532432968,0,2784.585534811921,2373.761456489652,3181.5236008069974,0
2023-09-19,google_product_001,Search,2833,0.172164314426625,4.393797298216252,0.0250098403954159,0,-0.1538287195266452,0,3067.775554937578,2652.05872501222,3461.1671259675095,0
2023-09-20,google_product_001,Search,3066,0.1684610245203916,2.07232742065439,0.0390815523566504,0,0.04121381845902726,0,3084.6113826807277,2656.0411699921037,3491.1808550672636,0
2023-09-21,google_product_001,Search,2942,0.1219368389386621,3.721116605849244,0.0391256467122281,0,-0.06258564381660958,0,2968.31443744169,2597.6554532596133,3384.632537058195,0
2023-09-22,google_product_001,Search,2892,0.1825794634852509,4.845157971184322,0.0454831962755449,0,-0.10444026570194703,0,2729.5411550884596,2343.4426798179657,3143.1267706155822,0
2023-09-23,google_product_001,Search,2174,0.1339210966465785,3.951102816525895,0.0494959457136448,0,-0.7054726359753927,0,2519.472229742576,2122.802338693306,2937.7902182000234,0
2023-09-24,google_product_001,Search,2879,0.1742417339484343,2.594810153196425,0.039405848187275,0,-0.11532246739213477,0,2603.4722803778313,2218.536930933481,3026.8454028452875,0
2023-09-25,google_product_001,Search,2779,0.1610186194020402,3.9475955494225294,0.0585550331479426,0,-0.19903171116280963,0,2800.075971531292,2389.6338846197327,3222.211799927654,0
2023-09-26,google_product_001,Search,2963,0.2051455103038536,5.704105516255491,0.0422423474453529,0,-0.045006702624767865,0,3080.227978610258,2691.0882157908813,3485.1155366258477,0
2023-09-27,google_product_001,Search,2907,0.1432960205288444,5.246891715534719,0.036535734939931,0,-0.0918838791363458,0,3094.125970389753,2700.730113064471,3484.4617636612957,0
2023-09-28,google_product_001,Search,2619,0.139520496116454,3.937995990633968,0.0238843264089717,0,-0.33296650119588944,0,2975.100950690113,2568.205032077521,3373.985327700203,0
2023-09-29,google_product_001,Search,2857,0.149417411823368,4.951449277058087,0.0373734047968383,0,-0.13373850102168322,0,2733.915918792127,2334.524565160134,3155.3491200121557,0
2023-09-30,google_product_001,Search,2549,0.1409046065149717,3.633492979631949,0.0366361305458886,0,-0.3915629718353619,0,2521.852335542534,2119.7900061252644,2929.817904000921,0
2023-10-01,google_product_001,Search,2338,0.1739982570582615,2.296128413173281,0.0496030479628147,0,-0.5681894761914859,0,2604.3671207833277,2209.982734961391,2976.9207996955406,0
2023-10-02,google_product_001,Search,2575,0.1015106817469023,3.0755340118704457,0.0446248362406685,0,-0.3697985684549864,0,2800.076284375047,2374.587571426338,3167.7083829157027,0
2023-10-03,google_product_001,Search,3005,0.1183895274256093,5.562888768508198,0.0282063087836738,0,-0.009848820241084416,0,3079.9926466370434,2683.1235339624095,3470.5821372597416,0
2023-10-04,google_product_001,Search,3468,0.1179659123526242,3.726006918170696,0.0417225438641103,0,0.37772497841714026,0,3094.366885343366,2696.560721739055,3511.93968540925,0
2023-10-05,google_product_001,Search,2924,0.1785092277592072,3.756616020624982,0.0467153117172905,0,-0.07765330769533106,0,2976.5663045199176,2623.0688369628797,3390.9657950733013,0
2023-10-06,google_product_001,Search,2420,0.2013184011774577,3.70016180372512,0.0552803135938783,0,-0.49954789629953245,0,2737.372330255761,2353.03213352158,3156.7862486342647,0
2023-10-07,google_product_001,Search,2513,0.1468665234438758,5.904136589573007,0.0488750396741405,0,-0.4216982995928048,0,2528.0662554803257,2122.415296865093,2929.850288389266,0
2023-10-08,google_product_001,Search,2570,0.1449353483042997,5.625958915362063,0.0476084665431147,0,-0.37398403064352015,0,2614.085982862749,2199.0938874610024,3013.6567240710783,0
2023-10-09,google_product_001,Search,2325,0.1521015648933954,6.218780233448134,0.0406008599461516,0,-0.5790716778816736,0,2814.009879447959,2434.833254131122,3184.4994554773725,1
2023-10-10,google_product_001,Search,3093,0.1848563490782457,3.840954789599949,0.0438831200542344,0,0.06381531427710947,0,3098.7951975631204,2700.473053688134,3518.623120048545,0
2023-10-11,google_product_001,Search,3121,0.1221794059742827,4.295624488747095,0.0524950490070615,0,0.08725390253289844,0,3118.6202851922685,2707.613833938063,3510.454870577722,0
2023-10-12,google_product_001,Search,3149,0.1571510694820435,2.483357450579209,0.0266722260252035,0,0.11069249078868741,0,3006.764954736419,2600.2164491820254,3412.736420599774,0
2023-10-13,google_product_001,Search,3125,0.1792559288934729,5.476934426118275,0.0365056067278304,0,0.09060227228372544,0,2773.9099772517193,2349.5289702954474,3171.6596287959183,0
2023-10-14,google_product_001,Search,2823,0.1650328250981953,2.832220448732065,0.0322743125124375,0,-0.1621996439037127,0,2571.22517519975,2165.7592847967435,3000.464800777775,0
2023-10-15,google_product_001,Search,2608,0.1556874484979623,4.216775563762629,0.0437915311872612,0,-0.3421745180106637,0,2664.028804396398,2301.0154082824374,3076.6166794737856,0
2023-10-16,google_product_001,Search,2681,0.1800313827770142,2.902697472367156,0.0523022217565078,0,-0.281066770058071,0,2870.774272207883,2476.5468128537414,3275.359133864295,0
2023-10-17,google_product_001,Search,3657,0.0689030312100228,3.411133173261304,0.0340302571327892,0,0.5359354491437158,0,3162.2915737254584,2731.5118865525037,3556.3618339160807,1
2023-10-18,google_product_001,Search,3218,0.1703362595859272,3.1627375689503,0.0160969563253056,0,0.16845186899045309,0,3188.6325918961493,2799.238649127818,3629.0786128246496,0
2023-10-19,google_product_001,Search,3053,0.1303777295061773,3.3921247393241822,0.0358777925497553,0,0.030331616768839526,0,3082.9545510142234,2665.518658760561,3511.4159870674166,0
2023-10-20,google_product_001,Search,2792,0.0950810130943062,3.460877296851021,0.049134737320174,0,-0.1881495094726219,0,2855.8225109498753,2490.585285098159,3240.685217521903,0
2023-10-21,google_product_001,Search,2680,0.1653360779857494,3.451731205074923,0.0453762990294988,0,-0.28190386249577776,0,2658.3002974139367,2261.6563228274517,3069.645180009041,0
2023-10-22,google_product_001,Search,2676,0.1912097563548887,4.833333911780307,0.0442818624781057,0,-0.2852522322466048,0,2755.6124852057446,2355.383402000069,3137.404857825858,0
2023-10-23,google_product_001,Search,2832,0.1458765445611692,2.89513720693748,0.0372000669812552,0,-0.15466581196435195,0,2966.1334138443476,2562.83042146746,3378.4015899304454,0
2023-10-24,google_product_001,Search,3079,0.1785862364160881,4.220541427013867,0.0272096926378021,0,0.052096020149214994,0,3260.6305574947914,2852.8112259239974,3655.6806963964586,0
2023-10-25,google_product_001,Search,3247,0.1983683477396593,5.217959152305559,0.0451529432162446,0,0.19272754968394878,0,3289.1113448477286,2908.046551252816,3674.1711802808973,0
2023-10-26,google_product_001,Search,2989,0.1894474336075214,3.486803635486604,0.0316571818996537,0,-0.023242299244392396,0,3184.7076788791283,2781.1936988230573,3561.826731405934,0
2023-10-27,google_product_001,Search,2703,0.1991989358811418,3.282081109252398,0.0618409673338045,0,-0.26265073642852255,0,2957.9790163365487,2570.233412256606,3315.866807592233,0
2023-10-28,google_product_001,Search,2712,0.1722638247321567,3.769475374819749,0.0457050720835451,0,-0.2551169044891618,0,2760.0033873590232,2364.2489388659887,3173.2211529638344,0
2023-10-29,google_product_001,Search,2705,0.1522630091670477,5.17972520836071,0.0341935169744604,0,-0.26097655155310906,0,2856.0389704583336,2423.1465492638613,3253.9625018838606,0
2023-10-30,google_product_001,Search,3299,0.1019410256430849,4.194107630953358,0.0338861475261137,0,0.23625635644469972,0,3064.512213197412,2624.1750074478964,3476.5901676335657,0
2023-10-31,google_product_001,Search,2710,0.1426181253561015,3.4687857053924014,0.0390705579338641,0,-0.2567910893645753,0,3356.2598453803967,2945.6095192376556,3745.9576341556076,1
2023-11-01,google_product_001,Search,3525,0.1247026021405142,4.48387665118804,0.0376049807797825,0,0.42543924736642497,0,3381.3739159253173,2981.2074484426857,3785.640700697484,0
2023-11-02,google_product_001,Search,3401,0.2151282815249344,2.8977078501635765,0.0511683377552995,0,0.3216397850907881,0,3273.084151178455,2868.211247887691,3687.8993311794648,0
2023-11-03,google_product_001,Search,2485,0.1447234256270299,4.681359510442948,0.0418641616974404,0,-0.4451368878485938,0,3042.058551761598,2632.2431485830602,3425.728888252117,1
2023-11-04,google_product_001,Search,2678,0.1536961442035345,4.408607307701768,0.0326836826109147,0,-0.28357804737119124,0,2839.491673976311,2442.414644262454,3268.700673215222,0
2023-11-05,google_product_001,Search,2738,0.166544561281214,3.692191528861116,0.0589044068515578,0,-0.23335250110878633,0,2930.7632830751527,2542.9975543648793,3364.665178504191,0
2023-11-06,google_product_001,Search,2774,0.1513080733911736,3.161414201552769,0.0404930833152022,0,-0.20321717335134337,0,3134.423445836927,2707.9861014450476,3529.6803140518873,0
2023-11-07,google_product_001,Search,3144,0.2008515312129226,3.1133190777165427,0.0476883967596889,0,0.10650702860015367,0,3421.431487663058,3036.2103626877,3821.0435057823206,0
2023-11-08,google_product_001,Search,3144,0.1313205191479664,4.534817336345911,0.0339177349255524,0,0.10650702860015367,0,3441.9980257122115,3028.739289298459,3818.7021246321406,0
2023-11-09,google_product_001,Search,3563,0.1558382236571172,5.228980502489062,0.0436311562774452,0,0.4572487599992814,0,3329.464453150407,2931.0801518845924,3717.4389416122635,0
2023-11-10,google_product_001,Search,3148,0.1277258824290585,3.3626922529712053,0.0431110999114319,0,0.10985539835098065,0,3094.600865532223,2706.7243650249334,3504.3705813953356,0
2023-11-11,google_product_001,Search,3063,0.1103993246633788,4.458386703551485,0.0211035070790384,0,0.038702541145907016,0,2888.6919433263665,2513.9835248910085,3300.9526302095414,0
2023-11-12,google_product_001,Search,3020,0.1316469272728414,1.9129729813979317,0.0601527511046064,0,0.002707566324516816,0,2977.1935381500975,2571.4451628593615,3359.433002145782,0
2023-11-13,google_product_001,Search,2894,0.1488888960885476,3.4153822693428006,0.0529064446092254,0,-0.10276608082653353,0,3178.7160812139946,2767.9127759691337,3557.7836061059,0
2023-11-14,google_product_001,Search,3259,0.1371209332644822,3.968941067129098,0.0360280468385401,0,0.20277265893642976,0,3464.262279600731,3040.4668153724056,3847.8795659098528,0
2023-11-15,google_product_001,Search,3529,0.1292273706037843,3.0903165830181663,0.0289773025954414,0,0.42878761711725194,0,3484.0683407123634,3068.507630398792,3887.747462746203,0
2023-11-16,google_product_001,Search,3034,0.1078104760898449,3.063493625210404,0.0434756161380355,0,0.014426860452411299,0,3371.4831164297802,2980.1487661567617,3785.501902849587,0
2023-11-17,google_product_001,Search,3171,0.1475068328211391,3.3322204435311136,0.0408669769941439,0,0.1291085244182359,0,3137.2661617878825,2754.146178354108,3569.7328021030776,0
2023-11-18,google_product_001,Search,2828,0.1048583887790699,4.292192728326373,0.0435566894856322,0,-0.15801418171517895,0,2932.674213241764,2538.7197033420916,3310.7765927666064,0
2023-11-19,google_product_001,Search,2869,0.172801678910688,3.812670981593625,0.0419157739619409,0,-0.12369339176920224,0,3023.118812801719,2611.3140651142353,3442.8706307140287,0
2023-11-20,google_product_001,Search,3331,0.1524731925880351,1.761768766675028,0.0450624098930592,0,0.2630433144513157,0,3227.151163551703,2832.41112391825,3622.5801918525535,0
2023-11-21,google_product_001,Search,3522,0.106273455016052,1.8792998473649336,0.054473056993918,0,0.4229279700533047,0,3515.7016385049774,3129.415556498016,3912.7310806,0
2023-11-22,google_product_001,Search,3429,0.140723727688504,3.393134822142825,0.0456810320512864,0,0.34507837334657704,0,3538.923130029039,3142.1829102439015,3944.2828554523385,0
2023-11-23,google_product_001,Search,3581,0.1274353078322825,4.457686586053552,0.0295034450109005,0,0.4723164238780029,0,3430.0725704721694,3017.168433729392,3845.029407008982,0
2023-11-24,google_product_001,Search,2884,0.1595752353125754,1.2524951572747651,0.0536256285271245,0,-0.11113700520360102,0,3199.8115516853713,2780.1092438508726,3582.795167093509,0
2023-11-25,google_product_001,Search,3071,0.1902135133806943,3.5002698238483694,0.0564061456348828,0,0.045399280647561005,0,2999.295477247548,2588.7380361949827,3384.8547427711924,0
2023-11-26,google_product_001,Search,3135,0.0937448259106276,3.473752143482579,0.0715205673451208,0,0.09897319666079292,0,3093.833900158849,2687.1102568454335,3496.253865040833,0
2023-11-27,google_product_001,Search,3200,0.1534507823744225,5.388337778208448,0.028765059667604,0,0.1533842051117316,0,3301.878057844784,2885.505930656503,3715.8036666986,0
2023-11-28,google_product_001,Search,3573,0.1451960161330008,3.614978188287136,0.0424288201315027,0,0.4656196843763489,0,3594.26295463931,3165.421639868633,3973.8155259915084,0
2023-11-29,google_product_001,Search,3326,0.1701402022935139,4.382988984740928,0.0191790129681101,0,0.25885785226278196,0,3621.053111023903,3211.0234840529606,4031.2760690434293,0
2023-11-30,google_product_001,Search,3610,0.1563958988471306,4.141257140087463,0.045531491563792,0,0.4965921045714986,0,3515.426248004524,3127.7781522712417,3906.4537284851813,0
2023-12-01,google_product_001,Search,3139,0.1274409200478354,1.8694335201927996,0.0345179970183322,0,0.10232156641161992,0,3287.975779422604,2893.77791913926,3718.647523739533,0
2023-12-02,google_product_001,Search,2920,0.1404283819300014,4.768207216631737,0.0592344579482495,0,-0.08100167744615806,0,3089.8014999211377,2724.1436905891596,3486.3025310504013,0
2023-12-03,google_product_001,Search,3304,0.1261192242958953,4.215396505456288,0.0322538502998141,0,0.24044181863323347,0,3186.1710855290667,2780.8826827891444,3606.4605213290015,0
2023-12-04,google_product_001,Search,3199,0.1822802141579579,4.50826863967459,0.0231081696203273,0,0.15254711267402485,0,3395.508392111668,2985.050417871285,3815.131914588019,0
2023-12-05,google_product_001,Search,5304,0.1506393494601582,7.926237706436327,0.0352873625929748,1,1.914626694046731,1,3688.635890900723,3295.746404503904,4025.7763691866917,1
2023-12-06,google_product_001,Search,3344,0.2070357205725902,1.915887060501412,0.0202451222878286,0,0.2739255161415034,0,3715.620355610918,3319.018203642315,4127.455161710542,0
2023-12-07,google_product_001,Search,5625,0.1481801755855613,5.724696649761109,0.0475109945450731,1,2.183333366550597,1,3609.6560805211466,3188.9464739862756,4019.0442588666656,1
2023-12-08,google_product_001,Search,2999,0.1287477969926861,3.7125524805996446,0.0193491695374367,0,-0.014871374867324908,0,3381.366522893506,2974.501695914815,3759.3206156701417,0
2023-12-09,google_product_001,Search,3456,0.1045885682216151,4.287328904403009,0.0402845758118315,0,0.3676798691646593,0,3181.8937887612465,2769.211751721785,3572.83613110185,0
2023-12-10,google_product_001,Search,2758,0.0959058097123216,3.954487754698758,0.019221881801438,0,-0.21661065235465135,0,3276.5586195832175,2904.0311142434107,3682.159023965621,1
2023-12-11,google_product_001,Search,3760,0.1024759217098353,3.5757636666019565,0.0367970219546335,0,0.6221559702275109,0,3483.8469153496494,3117.1857825345596,3898.4768951438527,0
2023-12-12,google_product_001,Search,3709,0.1580137995303445,3.4301670717612414,0.0564337815580453,0,0.5794642559044667,0,3774.6501862571686,3384.3623529266606,4181.76311643787,0
2023-12-13,google_product_001,Search,5717,0.165261750696898,4.329508735573009,0.0436064789143579,1,2.2603458708196182,1,3799.109110866861,3402.2509389806237,4218.568002915758,1
2023-12-14,google_product_001,Search,3477,0.102564278939036,2.482826303328321,0.0313650639503506,0,0.385258810356501,0,3690.494542579732,3290.590050933012,4080.6266202453844,0
2023-12-15,google_product_001,Search,3418,0.1768511494222834,4.7505791675217655,0.0396879651106091,0,0.3358703565318028,0,3459.506923254917,3054.6427290998304,3854.674135329533,0
2023-12-16,google_product_001,Search,3180,0.1355081684494968,3.583805595114746,0.0401801687204444,0,0.1366423563575966,0,3257.3635875588793,2849.5839261231426,3678.8948912081914,0
2023-12-17,google_product_001,Search,3478,0.1544037903595664,2.869930660959642,0.044726303458434,0,0.38609590279420775,0,3349.4566776757115,2952.682149252153,3731.181397055257,0
2023-12-18,google_product_001,Search,3527,0.1983666188476627,3.5499871420041864,0.0263314163671917,0,0.42711343224183845,0,3554.3377618837303,3149.123815857016,3954.4701435436123,0
2023-12-19,google_product_001,Search,3781,0.1769051794759659,5.257149216862572,0.0459256727384733,0,0.6397349114193527,0,3842.9566011599427,3422.8791209074484,4267.186466911414,0
2023-12-20,google_product_001,Search,3748,0.141944080562825,3.464664912983777,0.0129560836839722,0,0.6121108609750299,0,3865.503286526236,3480.4340631684877,4277.597667129368,0
2023-12-21,google_product_001,Search,3659,0.1232642332375413,4.35845361820962,0.0337011544763619,0,0.5376096340191293,0,3755.288125209896,3373.2582330319788,4175.585805247867,0
2023-12-22,google_product_001,Search,3484,0.0854455379601208,3.2690437242845265,0.0351172615754845,0,0.39111845742044826,0,3523.04026126519,3133.25443404773,3900.2543794369976,0
2023-12-23,google_product_001,Search,2930,0.1284254004227274,4.757921849923619,0.0463332682607123,0,-0.07263075306909057,0,3319.994530910801,2903.4585973084963,3738.787532979684,0
2023-12-24,google_product_001,Search,3073,0.1436660928351691,4.685507738790204,0.0402263085267686,0,0.0470734655229745,0,3411.549278387505,3032.8378898850583,3786.359041923056,0
2023-12-25,google_product_001,Search,3738,0.1203846141854644,5.848608833296412,0.0259443694614371,0,0.6037399365979624,0,3616.2512214785384,3224.293513797637,3981.83500022444,0
2023-12-26,google_product_001,Search,3870,0.1460622909872308,3.8244360545007847,0.0301500687418298,0,0.7142361383752532,0,3905.0347961871157,3521.941368126807,4324.216823372263,0
2023-12-27,google_product_001,Search,3869,0.152305556488763,4.668654804757907,0.041986800095474,0,0.7133990459375465,0,3928.0651789025715,3500.4292532779546,4329.359072942982,0
2023-12-28,google_product_001,Search,3760,0.1432543205457576,4.0980675395389445,0.0392093265813544,0,0.6221559702275109,0,3818.61933085426,3421.3326641896388,4218.254527417529,0
2023-12-29,google_product_001,Search,3577,0.1304999225752962,5.295871781863014,0.0342087589036425,0,0.4689680541271759,0,3587.3860094320626,3197.6270075114326,3969.567152442424,0
2023-12-30,google_product_001,Search,3250,0.1550596401590018,3.2811676123912696,0.0351916621048802,0,0.19523882699706904,0,3385.554199115366,2971.5652859471675,3806.9637752032413,0
2023-12-31,google_product_001,Search,3272,0.1632582194870822,4.745005312877281,0.0469616799715928,0,0.2136548606266175,0,3478.472635292326,3051.5800277967464,3868.0173329400677,0
2024-01-01,google_product_001,Search,3714,0.1172880276767146,3.8053027038833194,0.0348230742713078,0,0.5836497180930005,0,3684.636454296069,3277.9980175117944,4074.573266864,0
2024-01-02,google_product_001,Search,3726,0.1923279713923881,3.935811822891502,0.0391190875597092,0,0.5936948273454814,0,3974.9283416998715,3599.706643310083,4385.173286370236,0
2024-01-03,google_product_001,Search,4073,0.1470423560314721,4.091752484448373,0.0616993658808054,0,0.8841659032297233,0,3999.4633198946945,3613.0370538753177,4423.155414561999,0
2024-01-04,google_product_001,Search,3501,0.1505654886883454,4.252240396426678,0.0257631736311607,0,0.40534902886146296,0,3891.471464305523,3472.2169595598693,4299.025542579121,0
2024-01-05,google_product_001,Search,3799,0.1712464326976967,3.883770956878042,0.0214815726842534,0,0.6548025752980741,0,3661.5994409556038,3280.4029631619865,4078.8856139443715,0
2024-01-06,google_product_001,Search,3538,0.156996483937905,4.214713183170527,0.047835896647986,0,0.4363214490566127,0,3461.0002712896344,3049.489828261165,3856.795464798927,0
2024-01-07,google_product_001,Search,3565,0.1785940990173973,5.578118057562184,0.0332135693870589,0,0.45892294487469487,0,3554.99395739107,3150.644694277374,3935.88862699655,0
2024-01-08,google_product_001,Search,3957,0.1586137249560547,4.985449685615219,0.0368176247225738,0,0.7870631804557404,0,3762.054967450232,3356.1422289071947,4172.306366121305,0
2024-01-09,google_product_001,Search,4340,0.1316268787607868,4.869154592496897,0.0321884362186888,0,1.107669584097425,0,4053.053930972453,3661.016154452174,4450.281022897256,0
2024-01-10,google_product_001,Search,4280,0.160845105756183,3.5444604739761294,0.0374019985923248,0,1.0574440378350203,0,4078.1026683903365,3687.3592281254614,4503.38308524482,0
2024-01-11,google_product_001,Search,3559,0.1156882137803801,3.110759171771676,0.0559853811209634,0,0.4539003902484544,0,3970.4368400600333,3551.036174239462,4356.9189817131055,0
2024-01-12,google_product_001,Search,3423,0.1532567911732957,4.955300558237753,0.0480212845861812,0,0.3400558187203366,0,3740.7171117552343,3338.578809418708,4110.025566256908,0
2024-01-13,google_product_001,Search,3404,0.1490031002806661,4.876046792529794,0.0486222351188697,0,0.32415106240390834,0,3540.118256738687,3132.376617397464,3936.8419300571195,0
2024-01-14,google_product_001,Search,3604,0.1437564942818238,5.472670675750982,0.0258377294420735,0,0.4915695499452581,0,3633.9888506064367,3250.4281462890767,4012.168544080693,0
2024-01-15,google_product_001,Search,3949,0.146143874656832,3.3960193740307707,0.0284884626344713,0,0.7803664409540865,0,3840.8375910577656,3449.3155803052186,4236.404478410817,0
2024-01-16,google_product_001,Search,3946,0.0935445286350708,3.770451344639653,0.0116092134051457,0,0.7778551636409662,0,4131.573629415611,3724.1612529817608,4573.701525722225,0
2024-01-17,google_product_001,Search,4199,0.1335382527677711,2.3605158374745656,0.0319061917891724,0,0.9896395503807737,0,4156.350085001518,3763.074301107889,4552.570481260574,0
2024-01-18,google_product_001,Search,3860,0.1527853470342334,3.607528893939127,0.0495670318638565,0,0.7058652139981858,0,4048.445076208077,3649.9518369371167,4434.9406430348445,0
2024-01-19,google_product_001,Search,3640,0.154795691759922,4.996570510579447,0.0451694651574837,0,0.521704877702701,0,3818.5612182975765,3422.979229137889,4235.602059703365,0
2024-01-20,google_product_001,Search,3331,0.1191697457722212,3.533504620771802,0.0377848673704787,0,0.2630433144513157,0,3617.9130622909033,3214.588360647126,3990.449622163921,0
2024-01-21,google_product_001,Search,3497,0.187971235225941,4.640479795200823,0.0397769971628194,0,0.402000659110636,0,3711.88518526657,3311.6576742841053,4104.11243088449,0
2024-01-22,google_product_001,Search,3657,0.1240147545535649,3.809496894002189,0.0331111445742459,0,0.5359354491437158,0,3919.017016544229,3506.2159675564762,4283.118775488444,0
2024-01-23,google_product_001,Search,3979,0.179083716015802,4.324057028221561,0.0420475888240178,0,0.8054792140852889,0,4210.241835479607,3816.9331193894213,4595.5410625285385,0
2024-01-24,google_product_001,Search,4454,0.1628158308561505,2.8523086101843327,0.0476587827948061,0,1.2030981219959946,0,4235.729155967445,3811.749986108452,4633.1115361138445,0
2024-01-25,google_product_001,Search,3903,0.1306131807046859,4.085209449633901,0.0238411321258952,0,0.7418601888195759,0,4128.76486924237,3734.098377492144,4539.704432564643,0
2024-01-26,google_product_001,Search,4370,0.2032593267782853,1.0088640290992767,0.0429964768783734,0,1.1327823572286277,0,3900.0501253470225,3487.5511478712597,4271.988167712724,1
2024-01-27,google_product_001,Search,3791,0.1141908950473055,3.813103841838015,0.0493243487095466,0,0.6481058357964201,0,3700.7884496397264,3283.529523916539,4100.527258732444,0
2024-01-28,google_product_001,Search,3799,0.1775746252083,2.36952675628486,0.0358489971103663,0,0.6548025752980741,0,3796.3438176714308,3370.408659918956,4219.959224087873,0
2024-01-29,google_product_001,Search,3836,0.1800174695412893,5.205994516546816,0.0470070061212058,0,0.6857749954932238,0,4005.2257765042186,3615.8482578041735,4384.293240623474,0
2024-01-30,google_product_001,Search,4394,0.1298813937277006,4.777407352764511,0.0681465444447255,0,1.1528725757335896,0,4298.329042283154,3899.7340162101023,4700.122776033627,0
2024-01-31,google_product_001,Search,4207,0.1917739590019298,4.466670981966081,0.038956572070131,0,0.9963362898824276,0,4325.776773853045,3936.151053398402,4734.580909692411,0
2024-02-01,google_product_001,Search,4196,0.1424986045620314,5.52100622715938,0.0439330705000532,0,0.9871282730676534,0,4220.801869861574,3825.4978637814934,4611.4857388159935,0
2024-02-02,google_product_001,Search,4434,0.1586608088783957,3.051083479175163,0.032619429163386,0,1.1863562732418595,0,3994.0472372952036,3590.98350756491,4403.061752435991,1
2024-02-03,google_product_001,Search,3751,0.1578096551631366,5.747363197915558,0.0418125116260205,0,0.6146221382881502,0,3796.6544882423714,3399.672900967946,4198.644247665093,0
2024-02-04,google_product_001,Search,4069,0.1459707377558835,4.932191564260385,0.044602716249823,0,0.8808175334788962,0,3893.9237425270144,3516.4261208771095,4278.655873524116,0
2024-02-05,google_product_001,Search,3944,0.1743242481947934,3.763444712781054,0.0419484234027013,0,0.7761809787655527,0,4104.300573948007,3701.970633906187,4542.913723497988,0
2024-02-06,google_product_001,Search,4323,0.1738046616165663,5.135620147182944,0.0298030468029114,0,1.0934390126564104,0,4398.617476357049,4001.5215987586007,4796.024409342669,0
2024-02-07,google_product_001,Search,4752,0.0975440408028545,2.893706487588366,0.0420636177132545,0,1.4525516684326056,0,4426.938994238613,4008.2930979556854,4809.872740440784,0
2024-02-08,google_product_001,Search,4121,0.1891302072863445,3.1754858384723263,0.0546219593871763,0,0.9243463402396472,0,4322.4448100884565,3910.3058990338973,4708.2868915562685,0
2024-02-09,google_product_001,Search,4359,0.1001252403589297,3.3914102767603,0.0444863576451452,0,1.1235743404138534,0,4095.7316831128187,3691.19092632915,4483.379968375749,0
2024-02-10,google_product_001,Search,3986,0.1809763861302497,3.4710222919359848,0.0496198718907184,0,0.8113388611492361,0,3897.903645859136,3468.3697400657625,4287.929928879492,0
2024-02-11,google_product_001,Search,3800,0.1838011541048275,2.9434423572397472,0.0376298802998737,0,0.6556396677357809,0,3994.1927367243115,3584.746099077556,4403.2515410312135,0
2024-02-12,google_product_001,Search,4283,0.117271007093544,5.223083067095325,0.0474990023942371,0,1.0599553151481405,0,4203.06803825548,3793.463922238873,4638.880765147265,0
2024-02-13,google_product_001,Search,4596,0.1376755713613624,3.741145599630168,0.0427926783821652,0,1.321965248150353,0,4495.35682246372,4099.255787554805,4888.3305461336095,0
2024-02-14,google_product_001,Search,4593,0.1168288599454219,4.35250496835688,0.0304908927031276,0,1.3194539708372326,0,4521.130467031539,4129.219535964781,4933.515680650289,0
2024-02-15,google_product_001,Search,4002,0.1435523690913379,3.42964863358632,0.0431852100479887,0,0.8247323401525442,0,4413.587648363024,4028.9734280874036,4822.285383557809,1
2024-02-16,google_product_001,Search,3920,0.1407589714744277,2.179396699451483,0.0300830333655968,0,0.7560907602605907,0,4183.356054847393,3781.0522446623113,4580.422078667065,0
2024-02-17,google_product_001,Search,3864,0.1733898159680801,4.270057358391422,0.033671197251152,0,0.7092135837490128,0,3981.5820310551803,3580.0190891570846,4382.313972042191,0
2024-02-18,google_product_001,Search,3966,0.1893092623835882,2.087745024580223,0.0418932830729237,0,0.7945970123951012,0,4073.590798658897,3652.1503681583736,4442.89287464863,0
2024-02-19,google_product_001,Search,6348,0.1918705143236986,3.9313659539145314,0.0429724427338012,1,2.7885511990125766,1,4277.873275088261,3887.3303657662195,4662.9313169791,1
2024-02-20,google_product_001,Search,4504,0.1331349592026509,2.6316849611671893,0.0281076753492287,0,1.244952743881332,0,4565.326865150901,4170.223996598498,4964.665288179736,0
2024-02-21,google_product_001,Search,4268,0.1437233437876641,5.987275999230808,0.0505398577118287,0,1.0473989285825394,0,4586.099384965196,4191.71147292084,5022.427346955421,0
2024-02-22,google_product_001,Search,6458,0.0994968542333714,4.911362722174721,0.0457200627830047,1,2.880631367160319,1,4473.470440498651,4101.151775057602,4864.181851108564,1
2024-02-23,google_product_001,Search,4252,0.1258238980051143,4.10575379127148,0.0329527156438911,0,1.0340054495792312,0,4238.151199701625,3852.8201022833878,4581.233973699447,0
2024-02-24,google_product_001,Search,4089,0.1789455489929237,5.263706677654668,0.0246241520355082,0,0.8975593822330312,0,4031.372022440741,3651.826284597034,4442.2583577823825,0
2024-02-25,google_product_001,Search,4259,0.1984674847064469,3.1536840225342644,0.0385509542091856,0,1.0398650966431786,0,4118.54064957455,3712.543695898487,4544.005368323708,0
2024-02-26,google_product_001,Search,4453,0.1129695338436023,4.543479378670093,0.0355405628613884,0,1.2022610295582878,0,4318.227028149085,3925.8714696701077,4700.363268365566,0
2024-02-27,google_product_001,Search,4621,0.1322260722254131,4.199810433718714,0.0411314045705302,0,1.3428925590930216,0,4601.402202704316,4223.073843297652,5002.059619099777,0
2024-02-28,google_product_001,Search,4581,0.1492078272912322,4.26402008133367,0.0363688333884443,0,1.3094088615847517,0,4618.280484038741,4226.401164120768,5015.889583998851,0
2024-02-29,google_product_001,Search,4109,0.1584048347645882,5.272353500106767,0.0199254313925499,0,0.9143012309871662,0,4502.199265399176,4131.129038075791,4901.925663295186,1
2024-03-01,google_product_001,Search,4275,0.1257118944023506,4.732492102779802,0.0361165306169884,0,1.0532585756464865,0,4263.91746714627,3863.5740749457873,4666.520404482322,0
2024-03-02,google_product_001,Search,4076,0.1627218313339226,4.288723662825023,0.0369438088893168,0,0.8866771805428435,0,4054.70210926696,3634.432599087225,4444.936807804732,0
2024-03-03,google_product_001,Search,4154,0.1357848195878725,2.345112563771704,0.0463366102477405,0,0.9519703906839699,0,4139.985740416709,3728.9861578536033,4532.8919743676515,0
2024-03-04,google_product_001,Search,4087,0.1495664318736516,3.0399537047205363,0.0330180032538895,0,0.8958851973576177,0,4338.350819188503,3942.9771416130793,4750.383020008739,0
2024-03-05,google_product_001,Search,4368,0.1663885274401109,3.877291066404276,0.0567867467337256,0,1.1311081723532141,0,4620.7684871840365,4238.088231045335,5017.313431907906,0
2024-03-06,google_product_001,Search,4860,0.1501926680943281,4.093372374276651,0.0208835944934824,0,1.5429576517049346,1,4637.440945488904,4231.620864979105,4995.473858943678,0
2024-03-07,google_product_001,Search,4487,0.1369084232842029,2.869796275326076,0.0531116749780262,0,1.2307221724403172,0,4521.681795434831,4121.173287965136,4946.353990589412,0
2024-03-08,google_product_001,Search,4378,0.146711705882225,6.411676675578422,0.0377568102912189,0,1.1394790967302817,0,4284.215306628505,3864.564804778756,4675.9754404943415,0
2024-03-09,google_product_001,Search,4092,0.1473491112238399,5.516394055253572,0.0485958487234355,0,0.9000706595461515,0,4076.2640851266547,3689.5157671033653,4477.331143245494,0
2024-03-10,google_product_001,Search,4157,0.1388996691035361,4.602118320392483,0.0407980148405873,0,0.9544816679970902,0,4163.207836325185,3806.589100992311,4561.9706988915395,0
2024-03-11,google_product_001,Search,4579,0.1422361181199869,4.0720368612837445,0.0513955553602547,0,1.307734676709338,0,4363.5692776366195,3967.1725212128977,4787.346345627787,0
2024-03-12,google_product_001,Search,4530,0.1979594151151415,3.787791030098848,0.0361263803544718,0,1.2667171472617074,0,4648.254594546246,4222.3002985454195,5064.418378062246,0
2024-03-13,google_product_001,Search,4716,0.1668275834382371,3.0480815399777645,0.0290137957482218,0,1.4224163406751626,0,4667.397601761047,4281.107324191517,5094.590329394601,0
2024-03-14,google_product_001,Search,4449,0.1411355904591252,4.077480518518863,0.0542050428727106,0,1.1989126598074609,0,4554.2419179991975,4147.0903401219775,4965.4046292704425,0
2024-03-15,google_product_001,Search,4200,0.170908632135322,4.257752540142751,0.0388651935411785,0,0.9904766428184804,0,4319.442064190833,3904.9341928393387,4711.008973550205,0
2024-03-16,google_product_001,Search,4069,0.1399854153073197,2.758239424518376,0.0422155847362421,0,0.8808175334788962,0,4114.152905477197,3688.0163854444145,4520.3285175659885,0
2024-03-17,google_product_001,Search,4239,0.1851937391275992,4.3341764172448976,0.0523475191404479,0,1.0231232478890435,0,4203.5968513991265,3818.6219593659844,4617.9904496702065,0
2024-03-18,google_product_001,Search,4339,0.1610892657659428,3.8447409511752513,0.0296804475790556,0,1.1068324916597185,0,4406.33097249112,3997.4011169450746,4822.301830657193,0
2024-03-19,google_product_001,Search,4926,0.1467809356798731,2.092192442122609,0.0459549089763925,0,1.59820575259358,1,4693.209086178989,4298.2849408460215,5090.935744159593,0
2024-03-20,google_product_001,Search,4559,0.1634315077743083,3.1396149892204983,0.034101052435371,0,1.2909928279552032,0,4714.320237837178,4292.8073357812,5098.718036012069,0
2024-03-21,google_product_001,Search,4543,0.102873715437945,3.586394466578356,0.0386783064435562,0,1.277599348951895,0,4602.87170813356,4212.698928226556,4995.783510817359,0
2024-03-22,google_product_001,Search,4238,0.1161969759327058,5.887687657340191,0.0407227896538428,0,1.0222861554513367,0,4369.490666577048,3970.2130164478117,4769.9261394801115,0
2024-03-23,google_product_001,Search,4458,0.1141822498080283,4.556553124533759,0.0249977813855306,0,1.2064464917468216,0,4165.313880562347,3775.9904837965723,4554.741264672524,0
2024-03-24,google_product_001,Search,4270,0.1542882928429112,2.6645184309001086,0.0322116295717956,0,1.0490731134579527,0,4255.648121978818,3848.184626778783,4672.064037078303,0
2024-03-25,google_product_001,Search,4676,0.2019754499845527,4.486036289417637,0.0535107289241313,0,1.3889326431668927,0,4458.957286632649,4085.312906762491,4859.368457842156,0
2024-03-26,google_product_001,Search,4412,0.2169390043857789,2.4526960110616347,0.0488619118858479,0,1.167940239612311,0,4746.103593943937,4352.521483692131,5136.98155000786,0
2024-03-27,google_product_001,Search,4825,0.1691415330432227,5.082691053887073,0.0393736042267276,0,1.5136594163851984,1,4767.192016901695,4381.141948628219,5187.546197513814,0
2024-03-28,google_product_001,Search,4791,0.1650253342483337,3.5288753481821216,0.0424312345851289,0,1.4851982735031688,0,4655.452253780738,4248.643532146605,5081.85603361792,0
2024-03-29,google_product_001,Search,4374,0.0959682679754178,3.906363811260829,0.0370575749436354,0,1.1361307269794547,0,4421.539168708972,4006.4273269627065,4849.257978944529,0
2024-03-30,google_product_001,Search,4412,0.1337197860079793,5.32579664754219,0.0535658338582798,0,1.167940239612311,0,4216.621152642444,3796.7945181467485,4590.1504069195735,0
2024-03-31,google_product_001,Search,4157,0.1263664874427528,2.71283643141575,0.0379964742220583,0,0.9544816679970902,0,4306.03909297163,3891.432012714601,4686.463798784003,0
2024-04-01,google_product_001,Search,4780,0.1313745720524665,2.6028818148870085,0.0423184209213484,0,1.4759902566883947,0,4508.292015491894,4125.025515117607,4902.8714548204125,0
2024-04-02,google_product_001,Search,5196,0.1449556854424563,3.416400673653995,0.0514603014414206,0,1.8242207107744022,1,4794.276815674034,4347.681478126633,5197.441530736952,0
2024-04-03,google_product_001,Search,4725,0.1358372826690861,5.038378851019317,0.0322262851515409,0,1.4299501726145234,0,4814.131277981922,4420.467693421963,5228.126854777106,0
2024-04-04,google_product_001,Search,4550,0.0906210056887263,2.480653924523158,0.0555878918449689,0,1.2834589960158425,0,4701.114741369456,4289.421505372249,5096.254670398448,0
2024-04-05,google_product_001,Search,4672,0.172437307683526,1.1678444018894312,0.0246953859025662,0,1.3855842734160657,0,4465.907381108918,4089.778389584242,4879.414214990093,0
2024-04-06,google_product_001,Search,4538,0.1178177092278058,3.548841141591001,0.0562964213111279,0,1.2734138867633615,0,4259.697596590645,3866.0302625608524,4637.872646633138,0
2024-04-07,google_product_001,Search,4178,0.1571774059233344,4.55174079991092,0.0362732441604802,0,0.9720606091889319,0,4347.840225331085,3955.3834819088615,4770.086431485155,0
2024-04-08,google_product_001,Search,6436,0.2122224800924992,5.2002617497388295,0.0375730125217471,1,2.8622153335307705,1,4548.841671822219,4152.455570545156,4909.635234053188,1
2024-04-09,google_product_001,Search,4700,0.1224184622524073,3.536838637914601,0.0210998982881705,0,1.4090228616718548,0,4833.599385180817,4398.408755415704,5224.839480968652,0
2024-04-10,google_product_001,Search,4548,0.0740913743176101,3.5885733928839976,0.035452052826223,0,1.2817848111404289,0,4852.244892969319,4424.360925251212,5254.826373632001,0
2024-04-11,google_product_001,Search,4473,0.1414198733435966,5.153900734255747,0.0296019346897311,0,1.2190028783124227,0,4738.0247492565095,4352.5884353385045,5141.18436484771,0
2024-04-12,google_product_001,Search,4198,0.1830287890499571,2.1302583003045794,0.0339235365462652,0,0.9888024579430669,0,4501.600358325432,4114.582364722512,4941.903167334047,0
2024-04-13,google_product_001,Search,4084,0.2087504236266178,3.611479224816991,0.0386268903421112,0,0.8933739200444976,0,4294.136146480294,3899.8233136825515,4688.333713461965,0
2024-04-14,google_product_001,Search,4291,0.1131135121664274,4.190423889925058,0.049577916144729,0,1.0666520546497944,0,4380.958777092022,3953.8900831417086,4803.091878575165,0
2024-04-15,google_product_001,Search,4581,0.1649009766970956,4.4492187212850345,0.0420760335140062,0,1.3094088615847517,0,4580.543465261472,4189.5445675566225,4992.085157292152,0
2024-04-16,google_product_001,Search,5080,0.1360406862965984,3.4901933068091173,0.0430767665340111,0,1.7271179880004193,1,4863.754787607789,4467.332347273065,5229.217432614498,0
2024-04-17,google_product_001,Search,4629,0.1468215493708759,4.034441011705841,0.0290448061115443,0,1.3495892985946756,0,4880.691151133642,4471.081377380371,5234.598550900541,0
2024-04-18,google_product_001,Search,4865,0.229330300410511,1.5116726465870105,0.0311924591039726,0,1.5471431138934684,1,4764.5672320864505,4370.269994822865,5201.437873439575,0
2024-04-19,google_product_001,Search,4366,0.1049108901481453,3.341751587666152,0.0579872501835131,0,1.1294339874778008,0,4526.015296875989,4124.593842229763,4918.361529742956,0
2024-04-20,google_product_001,Search,4237,0.1576121898448371,4.453508712554467,0.0326479896523675,0,1.0214490630136301,0,4316.174827408568,3902.685191667689,4727.262632049438,0
2024-04-21,google_product_001,Search,4441,0.1640307951529629,3.0177059657453205,0.0565620825205729,0,1.192215920305807,0,4400.2678676534915,3998.8250530136556,4797.715721462979,0
2024-04-22,google_product_001,Search,4316,0.1825735897481804,4.058984221589597,0.0375693880111913,0,1.0875793655924633,0,4596.842246307672,4224.758314201999,4962.969473642725,0
2024-04-23,google_product_001,Search,4852,0.1529394946041268,4.446872500802698,0.040022879361435,0,1.5362609122032806,1,4876.757737143861,4508.886956070683,5258.913935946961,0
2024-04-24,google_product_001,Search,4867,0.159241516185123,3.657450799142235,0.0507036516022992,0,1.5488172987688817,1,4890.11657389526,4507.695359045228,5276.457757312071,0
2024-04-25,google_product_001,Search,4770,0.1382505429773462,4.170463770996571,0.0527189242193865,0,1.4676193323113271,0,4770.146453606715,4341.648383371139,5147.777615466357,0
2024-04-26,google_product_001,Search,4469,0.1580738082373532,3.037267434715388,0.0388918743972091,0,1.2156545085615957,0,4527.502145397952,4132.543017282781,4905.47927709128,0
2024-04-27,google_product_001,Search,4740,0.1397042317350776,3.7933887203039536,0.0361175694647846,0,1.4425065591801247,0,4313.355111014488,3908.6258235863847,4746.669691201474,0
2024-04-28,google_product_001,Search,4179,0.1686471566956815,4.610216169589222,0.0394407955147778,0,0.9728977016266387,0,4393.053775760106,3976.9039345792585,4742.116700741746,0
2024-04-29,google_product_001,Search,4435,0.1389116899186909,4.156972960968434,0.0433795752823211,0,1.1871933656795663,0,4585.110461050677,4160.471826473569,4965.26206903768,0
2024-04-30,google_product_001,Search,4650,0.1613130118170656,3.4134687304360645,0.0489130368686975,0,1.3671682397865172,0,4860.442341855936,4471.102268908531,5251.400152417395,0
2024-05-01,google_product_001,Search,4721,0.1491221155894506,4.224216404290793,0.0400422985899415,0,1.4266018028636964,0,4869.215574672417,4451.400850790993,5264.391384870556,0
2024-05-02,google_product_001,Search,4542,0.183781507523165,4.714609790636618,0.0461888629802315,0,1.2767622565141885,0,4744.726903397914,4351.177430381996,5148.537092232179,0
2024-05-03,google_product_001,Search,4646,0.1484581882923454,1.950058721422522,0.0563835973227094,0,1.3638198700356903,0,4497.703666510166,4080.1455894250003,4878.438373987932,0
2024-05-04,google_product_001,Search,4529,0.0968090259537935,5.159074064955898,0.0438130961226478,0,1.2658800548240008,0,4279.391654059784,3859.3891444022356,4674.694073849715,0
2024-05-05,google_product_001,Search,4187,0.1878576450214197,3.663745261318928,0.0431165285600477,0,0.9795944411282926,0,4355.213500636228,3936.930658008066,4764.204109319405,0
2024-05-06,google_product_001,Search,4368,0.1228280309741214,4.425489933240231,0.0248108917490993,0,1.1311081723532141,0,4543.753677128832,4168.859847742186,4929.9328808359505,0
2024-05-07,google_product_001,Search,4862,0.1303870098405354,5.197246923645228,0.0136926986317093,0,1.544631836580348,1,4815.997498739736,4422.144209676269,5225.962718519836,0
2024-05-08,google_product_001,Search,4714,0.1321301611786952,2.6283263027695343,0.0438837572923016,0,1.4207421557997493,0,4822.173350088001,4453.437723249474,5241.118200584506,0
2024-05-09,google_product_001,Search,4787,0.1912331427951245,3.2905589975724534,0.0390517576871912,0,1.4818499037523418,0,4695.632489400998,4321.982674576402,5092.465664475632,0
2024-05-10,google_product_001,Search,4439,0.0859297735806391,3.711451304124296,0.0348521732508525,0,1.1905417354303933,0,4447.147407653023,4065.7237509617585,4841.644423126691,0
2024-05-11,google_product_001,Search,3931,0.2441324560097998,3.216246478875572,0.0424353020418634,0,0.765298777075365,0,4227.998239930323,3823.6195431957435,4630.710535225153,0
2024-05-12,google_product_001,Search,4600,0.1816817042719815,5.734936575836809,0.0393959627080309,0,1.32531361790118,0,4303.629958804339,3923.5931989186593,4712.8220182492505,0
2024-05-13,google_product_001,Search,4882,0.1566971674238748,3.143227906173207,0.0512778025063389,0,1.561373685334483,1,4492.636449767993,4084.708001005574,4899.844288886575,0
2024-05-14,google_product_001,Search,4632,0.1483531799815114,3.4444532205131333,0.0408611086825897,0,1.3521005759077958,0,4765.998915860067,4354.397470202447,5152.928003945419,0
2024-05-15,google_product_001,Search,4733,0.1585666222457297,4.204389031602977,0.0325307671492983,0,1.4366469121161776,0,4773.9278335959625,4384.265050495154,5168.412194799421,0
2024-05-16,google_product_001,Search,4703,0.1656336728513801,2.797850473923911,0.0499016623895928,0,1.411534138984975,0,4649.742834374515,4239.591981312672,5050.262160522229,0
2024-05-17,google_product_001,Search,4450,0.1693564675785017,3.604319288243736,0.0378286892505379,0,1.1997497522451677,0,4404.17148992463,3991.2828085282663,4783.975786985432,0
2024-05-18,google_product_001,Search,4350,0.1666681339801034,4.317453261250175,0.045265366836723,0,1.1160405084744927,0,4188.436492184682,3777.468141121639,4572.744753259009,0
2024-05-19,google_product_001,Search,4675,0.1526874204376574,3.667139595617489,0.035225892938072,0,1.3880955507291861,0,4267.913941010533,3867.213276919643,4674.4399537852105,1
2024-05-20,google_product_001,Search,4470,0.1440798473907802,3.906613141100052,0.0335017311450256,0,1.2164916009993025,0,4461.118814404651,4041.266326971531,4856.383458532576,0
2024-05-21,google_product_001,Search,4577,0.1454618014903946,3.470667887551629,0.0408416823018569,0,1.3060604918339247,0,4738.94503461545,4337.781189557548,5147.618777875645,0
2024-05-22,google_product_001,Search,4516,0.1441527515894195,2.485529690819233,0.0401282864354368,0,1.254997853133813,0,4751.509311040969,4337.54728435532,5138.949561691877,0
2024-05-23,google_product_001,Search,4480,0.1840131029060119,4.321593211339239,0.0447982703536683,0,1.22486252537637,0,4632.033086599364,4217.705128194912,5041.37026737276,0
2024-05-24,google_product_001,Search,4356,0.1678067016684258,5.754933071647241,0.0373135424669025,0,1.1210630631007332,0,4391.143513629631,3991.3304338056455,4818.723639315976,0
2024-05-25,google_product_001,Search,4556,0.0617883409600715,4.018401630783438,0.021636402162296,0,1.288481550642083,0,4179.962893662675,3805.16830454705,4589.065892255236,0
2024-05-26,google_product_001,Search,4148,0.1696770232958928,4.22526411724755,0.0356722611641161,0,0.9469478360577295,0,4263.701328345486,3907.1350554570595,4685.992784998215,0
2024-05-27,google_product_001,Search,4528,0.1558420858415632,4.69272275511686,0.0479381846714381,0,1.265042962386294,0,4460.848138191999,4088.98288100486,4864.89311120024,0
2024-05-28,google_product_001,Search,4711,0.149438737306623,2.730669503453301,0.0370262392075689,0,1.418230878486629,0,4742.210324518077,4351.65395510259,5151.097395367098,0
2024-05-29,google_product_001,Search,5006,0.1383444464073334,5.702514658129606,0.0375361659748545,0,1.66517314761012,1,4757.82628193779,4342.292153317641,5176.176259554088,0
2024-05-30,google_product_001,Search,5108,0.1837233815995804,4.202328796422802,0.0498637650590593,0,1.7505565762562083,1,4640.849497654083,4222.058460176559,5038.921712600096,1
2024-05-31,google_product_001,Search,4232,0.1784257938636857,5.631856899089109,0.0328802677274107,0,1.0172636008250964,0,4401.851027304461,4031.3915411368585,4814.496192655273,0
2024-06-01,google_product_001,Search,4074,0.1268136699652917,3.266967004476011,0.024571967817571,0,0.88500299566743,0,4191.910144272922,3791.8423014461773,4584.420931363378,0
2024-06-02,google_product_001,Search,4435,0.162211568613736,5.818061922557825,0.038393688804745,0,1.1871933656795663,0,4276.275788269922,3894.8691279218074,4704.978170381198,0
2024-06-03,google_product_001,Search,4593,0.1208502979637614,4.775155494034783,0.0351582604875126,0,1.3194539708372326,0,4473.354808596536,4064.0996571092364,4858.765269642098,0
2024-06-04,google_product_001,Search,5057,0.108611455056332,4.553040085852358,0.0303375368024674,0,1.707864861933164,1,4753.954346618919,4331.571222344771,5159.878860901044,0
2024-06-05,google_product_001,Search,4858,0.131198483262301,4.234024454353148,0.038246215441013,0,1.541283466829521,1,4768.127481868928,4354.008827334199,5156.284329078065,0
2024-06-06,google_product_001,Search,4503,0.1758718041714827,3.751471381925551,0.0449150564724678,0,1.2441156514436253,0,4649.0564257408205,4264.723854725422,5050.634431586185,0
2024-06-07,google_product_001,Search,4428,0.1785937513612825,5.2005316584738726,0.0399071143843218,0,1.181333718615619,0,4407.354161022573,4010.5670075880566,4804.54106414018,0
2024-06-08,google_product_001,Search,4365,0.1653925626029188,4.140359869848047,0.0430698107268623,0,1.128596895040094,0,4194.153949388717,3774.716540211181,4583.956369086949,0
2024-06-09,google_product_001,Search,4361,0.1717528736054399,2.0329302964128475,0.0581340769851542,0,1.125248525289267,0,4274.769365833215,3865.902660984178,4691.337493923543,0
2024-06-10,google_product_001,Search,4529,0.1654853486134487,2.8828135382929974,0.0365712113844243,0,1.2658800548240008,0,4467.680895481629,4051.3969657232215,4858.27145825774,0
2024-06-11,google_product_001,Search,4871,0.1307555521433114,3.8141542478072528,0.0427834863464467,0,1.5521656685197087,1,4743.776483142985,4344.0955821172265,5128.246991880223,0
2024-06-12,google_product_001,Search,4944,0.1629576763402182,4.309998983165555,0.0349078663740086,0,1.6132734164723015,1,4753.195210199417,4362.024099288254,5142.321831824347,0
2024-06-13,google_product_001,Search,4820,0.1740122857568304,3.943411511100104,0.0315364028011302,0,1.5094739541966646,1,4629.208435956938,4237.907834989689,5006.7039140930765,0
2024-06-14,google_product_001,Search,4409,0.1726287398944072,5.218970789793663,0.0341509234658223,0,1.165428962299191,0,4382.519356280741,3965.4959656680435,4765.597973479655,0
2024-06-15,google_product_001,Search,4078,0.1856674011442393,2.048898135961375,0.0352124142847831,0,0.888351365418257,0,4164.350456097161,3767.369211512503,4534.901524178556,0
2024-06-16,google_product_001,Search,4195,0.1712491154160319,4.14358793650516,0.0435947579754712,0,0.9862911806299466,0,4240.101567564643,3823.6816764745095,4668.929586862721,0
2024-06-17,google_product_001,Search,4636,0.1605434462262474,2.182020774612845,0.0634907578670075,0,1.3554489456586227,0,4428.334619053079,4023.390242010557,4806.407494314335,0
2024-06-18,google_product_001,Search,4461,0.1821045071494928,4.759712295484168,0.0328395656372415,0,1.2089577690599418,0,4700.012510531931,4314.835383146464,5093.509887418489,0
2024-06-19,google_product_001,Search,4752,0.1492043622225282,3.905541285557997,0.0358337469438453,0,1.4525516684326056,0,4705.341329512544,4308.28497180488,5082.670211302272,0
2024-06-20,google_product_001,Search,4432,0.1235437604631684,4.419609972024118,0.0393687698688875,0,1.1846820883664462,0,4577.650277488488,4172.785406691236,4941.366776423138,0
2024-06-21,google_product_001,Search,4251,0.145107991081687,3.136117039410234,0.0439579884870974,0,1.0331683571415247,0,4327.69028499804,3909.4320894172997,4708.930547694357,0
2024-06-22,google_product_001,Search,4334,0.1276529206558065,5.279464931657751,0.0426355081195478,0,1.1026470294711848,0,4106.720809004139,3681.51605506737,4500.950742424153,0
2024-06-23,google_product_001,Search,4170,0.1297446517507685,5.041724664058851,0.0528409579394811,0,0.9653638696872779,0,4180.167533040783,3775.6401603823624,4593.075245860751,0
2024-06-24,google_product_001,Search,4371,0.1456644398785344,4.583544303011887,0.0157360792946479,0,1.1336194496663343,0,4366.607055314029,4001.2437233501223,4771.978540825522,0
2024-06-25,google_product_001,Search,4319,0.1262274023700011,3.8704827531365593,0.0161307012980432,0,1.0900906429055834,0,4637.005991944686,4228.802029153362,5015.369847905581,0
2024-06-26,google_product_001,Search,4793,0.1407611541108288,4.579857285295132,0.0350412182798985,0,1.4868724583785824,0,4641.563693101708,4247.501041038844,5036.006987318517,0
2024-06-27,google_product_001,Search,4606,0.0931915599913864,3.293107432012651,0.050973001875437,0,1.3303361725274203,0,4513.592918125671,4112.915262275845,4919.250339901323,0
2024-06-28,google_product_001,Search,4644,0.1563988112211881,4.8555556590207125,0.024343519683944,0,1.362145685160277,0,4263.819417416649,3859.4723239319587,4667.697836904398,0
2024-06-29,google_product_001,Search,3983,0.1500361642608667,5.649480894323921,0.01,0,0.8088275838361159,0,4043.4698789054532,3644.8789385211794,4441.134873552718,0
2024-06-30,google_product_001,Search,4141,0.1254873410679542,5.070610559979186,0.045711794062192,0,0.9410881889937822,0,4117.93091935951,3712.9315003805705,4537.023045481646,0
2024-07-01,google_product_001,Search,4377,0.1697773700529721,3.2703975301925903,0.0424365722370271,0,1.138642004292575,0,4305.73516248244,3910.074839066494,4681.772389564849,0
2024-07-02,google_product_001,Search,4872,0.1781271041287967,4.361417317273103,0.0290979159320057,0,1.5530027609574155,1,4577.80178610833,4182.963968172985,4979.412681229143,0
2024-07-03,google_product_001,Search,4590,0.1017732040689307,2.706858456241352,0.0301446039927907,0,1.3169426935241124,0,4584.280691104085,4163.077829961397,4975.981975016841,0
2024-07-04,google_product_001,Search,4498,0.1271182566430135,4.572390311175676,0.0303025628036532,0,1.2399301892550916,0,4458.434594072292,4071.353924575578,4848.292939526381,0
2024-07-05,google_product_001,Search,4298,0.126925729506381,4.450603412862539,0.0411053531747394,0,1.0725117017137418,0,4210.939950085757,3788.765053026376,4617.0733037297705,0
2024-07-06,google_product_001,Search,4047,0.121802906966734,2.130183660467836,0.0337368472381699,0,0.8624014998493478,0,3992.9761254692066,3556.020144615008,4412.249067587437,0
2024-07-07,google_product_001,Search,3973,0.1748842452579524,2.838216156087636,0.0449406391897551,0,0.8004566594590484,0,4069.8854678284756,3692.8013416226127,4458.589263149998,0
2024-07-08,google_product_001,Search,4331,0.1441852158368159,3.7168611032562326,0.011453733370956,0,1.1001357521580644,0,4260.1602880690825,3859.7542458000303,4633.581391876633,0
2024-07-09,google_product_001,Search,4737,0.1420645547606816,3.699140252859174,0.031431481348722,0,1.4399952818670045,0,4534.684115927752,4127.994344405986,4958.438524586989,0
2024-07-10,google_product_001,Search,4370,0.0898841290677973,2.790523064581195,0.0287394603908894,0,1.1327823572286277,0,4543.576367932631,4149.586767669869,4931.583648520276,0
2024-07-11,google_product_001,Search,4434,0.1690625409062768,4.388978729352184,0.037436593216275,0,1.1863562732418595,0,4420.074723488446,4043.4331107394064,4870.571554437038,0
2024-07-12,google_product_001,Search,4003,0.1128222481543958,4.251473608940512,0.0346195224150986,0,0.8255694325902508,0,4174.836116381119,3760.2838161837385,4580.301017498189,0
2024-07-13,google_product_001,Search,4215,0.1517979789079898,3.805730868021481,0.0479784377989576,0,1.0030330293840817,0,3959.0257699503086,3547.6993810097365,4327.688140214367,0
2024-07-14,google_product_001,Search,3724,0.1583213081387457,3.244208499841637,0.0214066322833994,0,0.5920206424700679,0,4037.97693824716,3644.856623406339,4439.182217829123,0
2024-07-15,google_product_001,Search,4147,0.1908197578751595,5.048707126416564,0.0404549147633075,0,0.9461107436200227,0,4230.177389222508,3804.6153678316796,4655.900974472673,0
2024-07-16,google_product_001,Search,4564,0.1107353880264266,5.655407113088296,0.045583364232117,0,1.295178290143737,0,4506.5100181838,4109.370325600294,4887.488643724389,0
2024-07-17,google_product_001,Search,4855,0.0594146353253752,3.516438516153463,0.0585664743656195,0,1.5387721895164008,1,4517.096761541014,4123.587498976204,4920.586479929693,0
2024-07-18,google_product_001,Search,4362,0.1555154863426108,3.3878330828451797,0.0351823402890652,0,1.1260856177269736,0,4395.180141001574,3976.689468924535,4767.436079668548,0
2024-07-19,google_product_001,Search,3999,0.2040153354453256,4.491207665411996,0.0432445860435251,0,0.8222210628394239,0,4151.423381974159,3710.0338590858105,4538.436433740679,0
2024-07-20,google_product_001,Search,4319,0.1871683905881831,3.641970620253014,0.0219613720743763,0,1.0900906429055834,0,3936.9985717696372,3533.392437933259,4352.266928253316,0
2024-07-21,google_product_001,Search,3707,0.1562897824582387,3.8606027993367658,0.0160804379568697,0,0.5777900710290532,0,4017.245556720062,3634.4607889483423,4422.256901310928,0
2024-07-22,google_product_001,Search,3787,0.1352509144310385,4.739653151724672,0.048447743757817,0,0.6447574660455931,0,4210.657649321023,3789.9913501981896,4602.284615315159,1
2024-07-23,google_product_001,Search,4545,0.1742136778991193,2.090643912492707,0.0399443970635192,0,1.2792735338273087,0,4488.121565705992,4067.4227561625803,4876.593452794194,0
2024-07-24,google_product_001,Search,4410,0.1207936140088659,5.318302324852669,0.0517851268979842,0,1.1662660547368977,0,4499.760791471264,4125.260618130498,4898.581290048541,0
2024-07-25,google_product_001,Search,4140,0.1642907330806865,4.072680524329341,0.0262659711103025,0,0.9402510965560754,0,4378.816728952759,3959.6077609780414,4781.688888491393,0
2024-07-26,google_product_001,Search,4221,0.1651641047749988,3.58850685543782,0.0451990213952875,0,1.008055584010322,0,4135.948586806995,3729.254357446657,4541.7044728916,0
2024-07-27,google_product_001,Search,3962,0.1818062972249663,3.9107658457785512,0.0586881784054385,0,0.7912486426442742,0,3922.3214881237254,3543.210912318517,4347.33042800819,0
2024-07-28,google_product_001,Search,3854,0.2327898011673323,3.9624293550205194,0.0441970560835726,0,0.7008426593719453,0,4003.2655000076984,3600.8914514810263,4425.9535066682965,0
2024-07-29,google_product_001,Search,3942,0.161772479015363,2.2687986965550744,0.0427658150559104,0,0.7745067938901392,0,4197.261652513558,3789.745183001893,4618.288215495221,0
2024-07-30,google_product_001,Search,4603,0.134731091228775,5.494938227453236,0.0400855608082435,0,1.3278248952143001,0,4475.182357156854,4082.0866680816707,4869.508026991017,0
2024-07-31,google_product_001,Search,4612,0.1492327706342401,4.041325632270619,0.0242911854287408,0,1.3353587271536609,0,4487.135406276712,4092.292848180254,4911.337502544084,0
2024-08-01,google_product_001,Search,4297,0.0969277228533264,4.443002130447376,0.0535557293571034,0,1.071674609276035,0,4366.345883550192,3979.627731942666,4739.33302991759,0
2024-08-02,google_product_001,Search,4422,0.1291586060673282,4.951549770574043,0.0338914236019493,0,1.1763111639893786,0,4123.456918377386,3716.312855933374,4517.323059041917,0
2024-08-03,google_product_001,Search,3672,0.1377215268566068,2.9788375424397,0.0450448325638301,0,0.548491835709317,0,3909.6187277957024,3524.041014917323,4325.862870301214,0
2024-08-04,google_product_001,Search,3636,0.1342773480619622,4.4734718990352285,0.0243696569342874,0,0.518356507951874,0,3990.148612998431,3577.1708488586796,4382.238468197469,0
2024-08-05,google_product_001,Search,4034,0.1545706461610116,3.7323589091012064,0.0282054033549221,0,0.85151929815916,0,4183.5179403133125,3777.614381934443,4554.069312752063,0
2024-08-06,google_product_001,Search,4394,0.1253274020285339,4.846770775216494,0.0543508739922223,0,1.1528725757335896,0,4460.593478026735,4063.7767467178146,4873.718867637131,0
2024-08-07,google_product_001,Search,4507,0.1836309200197341,1.8727725796485049,0.0365269771104215,0,1.2474640211944523,0,4471.482231968724,4062.529640079081,4834.048626786978,0
2024-08-08,google_product_001,Search,4244,0.1500062119475459,3.900905699758731,0.0545327547604254,0,1.0273087100775773,0,4349.414073629238,3949.8334241285083,4746.470622593707,0
2024-08-09,google_product_001,Search,4099,0.1497209903658415,3.3971793442160383,0.0392176934094148,0,0.9059303066100988,0,4105.043060103672,3702.043920249784,4496.064448182825,0
2024-08-10,google_product_001,Search,3613,0.1401631585046124,4.432262950634155,0.0215810222704214,0,0.49910338188461884,0,3889.536860433859,3515.866315975845,4321.377896545005,0
2024-08-11,google_product_001,Search,4207,0.1546557205157693,4.470044187368202,0.0489206759973172,0,0.9963362898824276,0,3968.236931712894,3572.2514650117037,4357.566929352531,0
2024-08-12,google_product_001,Search,4134,0.174752947940029,3.292374105177974,0.0341010768224439,0,0.935228541929835,0,4159.64545744938,3753.7680507435084,4550.302128700285,0
2024-08-13,google_product_001,Search,4606,0.1239860935286729,3.2878261358239564,0.0469868881351704,0,1.3303361725274203,0,4434.666409244488,4040.5683921892173,4804.738887396471,0
2024-08-14,google_product_001,Search,4506,0.1302565053277423,3.8893346314426704,0.0402521086754008,0,1.2466269287567455,0,4443.449871951496,4041.410710057076,4832.247854847083,0
2024-08-15,google_product_001,Search,4364,0.1408882191367,3.103357772684792,0.0245688177205712,0,1.1277598026023872,0,4319.273931197963,3913.6956970810456,4724.654482542317,0
2024-08-16,google_product_001,Search,4124,0.1096238722958035,4.841983695452127,0.0416429476537056,0,0.9268576175527674,0,4072.8450355243203,3650.680287334925,4484.46511495092,0
2024-08-17,google_product_001,Search,3935,0.125422264208355,3.630792799552554,0.0619622314215279,0,0.768647146826192,0,3855.3862683476164,3451.0017194406723,4258.3158611029585,0
2024-08-18,google_product_001,Search,4030,0.1357133737936602,1.0930117806783586,0.0449298645851445,0,0.8481709284083331,0,3932.2962009515886,3506.5977586417807,4294.34312070135,0
2024-08-19,google_product_001,Search,4399,0.1762316754213818,3.625177943378194,0.0394248224699453,0,1.1570580379221234,0,4122.134373262167,3723.0604642269095,4490.377007490158,0
2024-08-20,google_product_001,Search,4406,0.1578768398700577,2.961456179156028,0.0507534340195689,0,1.1629176849860705,0,4395.860803343499,4024.9932122770565,4761.801331525905,0
2024-08-21,google_product_001,Search,4564,0.1558076973410263,2.3687241845390545,0.0421066846520311,0,1.295178290143737,0,4403.678710042162,4015.736955278307,4785.5459887484185,0
2024-08-22,google_product_001,Search,4240,0.1755269388650391,2.7625733617774277,0.0420953423026279,0,1.0239603403267503,0,4278.9147950935685,3868.993517940107,4676.9131097284035,0
2024-08-23,google_product_001,Search,4284,0.1458788463480181,4.10940847183297,0.0290837482784089,0,1.0607924075858473,0,4032.3180461062293,3642.2275609533913,4411.8806798386895,0
2024-08-24,google_product_001,Search,3697,0.1617139454978667,5.328640828248231,0.0423384802578959,0,0.5694191466519858,0,3815.1465450724113,3444.774669185753,4252.857915275785,0
2024-08-25,google_product_001,Search,4249,0.1469033474120251,4.31318447386498,0.0503544341641694,0,1.031494172266111,0,3892.8250017279975,3523.9413093553967,4318.323005414469,0
2024-08-26,google_product_001,Search,2614,0.1579608704819888,3.3934966117842604,0.0316393784789997,1,-0.33715196338442316,0,4083.929103902161,3728.3981740871163,4515.8713812485175,1
2024-08-27,google_product_001,Search,4070,0.1325172402716525,4.455904195170703,0.0542449582124694,0,0.881654625916603,0,4359.424126880853,3949.813392766519,4732.412507866756,0
2024-08-28,google_product_001,Search,4438,0.0768354852517071,3.5409096897810084,0.0390829397585487,0,1.1897046429926865,0,4369.507021697612,3948.2738385833227,4793.890674063705,0
2024-08-29,google_product_001,Search,4113,0.1459716251344108,3.305399630836855,0.0311223048846145,0,0.9176496007379932,0,4247.486357295101,3845.613448275613,4625.316410840519,0
2024-08-30,google_product_001,Search,4157,0.1926824440829982,2.845637331767016,0.0499763207692024,0,0.9544816679970902,0,4004.0810987567775,3586.079435347807,4415.500735104794,0
2024-08-31,google_product_001,Search,3695,0.1777864620672477,2.2481711932482806,0.0371320576426173,0,0.5677449617765722,0,3790.5077183024223,3390.082993781322,4179.610685435985,0
2024-09-01,google_product_001,Search,3794,0.1789619245377351,3.610076293440555,0.047595148874861,0,0.6506171131095404,0,3872.1383611724664,3450.2419164955254,4258.209449214484,0
2024-09-02,google_product_001,Search,3739,0.1870839216541865,4.158053489920132,0.0370824136774146,0,0.6045770290356692,0,4067.4861517472514,3674.8381484464812,4462.6303192238765,0
2024-09-03,google_product_001,Search,4261,0.1526597277288431,3.90337632998511,0.0394017385647009,0,1.041539281518592,0,4347.44506552038,3990.12291152892,4769.88859612885,0
2024-09-04,google_product_001,Search,3924,0.1559194712221678,3.584033072052641,0.0449356020433429,0,0.7594391300114177,0,4362.133561080621,3981.0537508112775,4755.10530274327,1
2024-09-05,google_product_001,Search,3930,0.1314704431369694,3.054253939303219,0.0429089705759,0,0.7644616846376582,0,4244.776312465036,3851.7079508645597,4672.289442756335,0
2024-09-06,google_product_001,Search,4139,0.1405178143191885,4.608246191684969,0.0200446821954826,0,0.9394140041183687,0,4006.0049814978192,3604.0223912559286,4397.075279988442,0
2024-09-07,google_product_001,Search,3982,0.1684731344931342,2.682868080053415,0.028787562599056,0,0.8079904913984092,0,3796.947477262272,3397.2706113736967,4169.445308863613,0
2024-09-08,google_product_001,Search,3968,0.1861165331150645,4.776027913843476,0.0492940998479081,0,0.7962711972705147,0,3882.88836962386,3476.719599582792,4300.641012986883,0
2024-09-09,google_product_001,Search,3925,0.14581661172957,2.997782981073275,0.0386786341109845,0,0.7602762224491244,0,4082.2564827554056,3704.9438709214687,4469.732581791244,0
2024-09-10,google_product_001,Search,4344,0.1364943220544576,3.247564762646965,0.0347626869722857,0,1.111017953848252,0,4365.867032271314,3967.808384573077,4752.2164919619245,0
2024-09-11,google_product_001,Search,4412,0.1500158387656979,2.533214809384323,0.0264142598474252,0,1.167940239612311,0,4383.767437324887,4008.4692872730916,4787.510550225317,0
2024-09-12,google_product_001,Search,4019,0.1680362024678734,3.4985978531143638,0.0292026367872415,0,0.8389629115935588,0,4269.121086087312,3845.2102360849394,4660.631940027839,0
2024-09-13,google_product_001,Search,4292,0.1066843555159937,4.975312458477979,0.0197820136003805,0,1.0674891470875012,0,4032.5099350253918,3658.9283954046846,4412.352904582417,0
2024-09-14,google_product_001,Search,4006,0.0811145714058828,4.515628088443957,0.0389871928129846,0,0.8280807099033711,0,3825.025334373416,3430.235892655383,4185.654828935373,0
2024-09-15,google_product_001,Search,3846,0.1334838945152525,4.978422112028035,0.0340156241941895,0,0.6941459198702913,0,3911.929697990867,3487.2716016030463,4283.795513879384,0
2024-09-16,google_product_001,Search,4132,0.1133786272225752,4.522142545933936,0.0303341210901468,0,0.9335543570544215,0,4111.645002461044,3744.297774103335,4510.695683121739,0
2024-09-17,google_product_001,Search,4404,0.1347557940705806,2.896330171469631,0.0393187657483204,0,1.1612435001106571,0,4394.9954467448815,4008.784265317943,4773.228936225519,0
2024-09-18,google_product_001,Search,4014,0.1455665904354758,3.669210775672443,0.0436397063085273,0,0.8347774494050251,0,4412.053381395142,3998.5475809034433,4798.087268223374,0
2024-09-19,google_product_001,Search,4213,0.1364025477293096,3.2198008708825374,0.0609319793220994,0,1.001358844508668,0,4296.022774115792,3872.375433838121,4695.716313293913,0
2024-09-20,google_product_001,Search,3867,0.1935740260341223,5.33057490403904,0.0248811658043678,0,0.7117248610621331,0,4057.5410916702544,3651.82169636568,4458.273643765123,0
2024-09-21,google_product_001,Search,3643,0.1598023429380696,2.8032113535736887,0.0515938104330052,0,0.5242161550158213,0,3847.7690015356266,3446.737108958132,4261.256002329729,0
2024-09-22,google_product_001,Search,3848,0.1590142307883248,4.893697689389111,0.0497310156101507,0,0.6958201047457048,0,3932.0505337940285,3522.265745987138,4289.87491293837,0
2024-09-23,google_product_001,Search,4501,0.168666214321302,4.892953870108769,0.0322090726062329,0,1.2424414665682117,0,4128.899721260321,3721.0050196046723,4503.582486586439,0
2024-09-24,google_product_001,Search,4507,0.1158350064665769,5.829620201716088,0.0420323595458603,0,1.2474640211944523,0,4409.241092409001,4020.446019142893,4796.053604164625,0
2024-09-25,google_product_001,Search,4325,0.181173353622608,3.5903134073705028,0.0354236675066238,0,1.095113197531824,0,4423.25317836843,4032.9677316812617,4810.750402386365,0
2024-09-26,google_product_001,Search,4395,0.1477270714039362,4.712322159580162,0.0418568858041873,0,1.1537096681712964,0,4304.249360825804,3888.618139848045,4696.743983480189,0
2024-09-27,google_product_001,Search,4303,0.1701144185172363,6.281651836538843,0.0550913101340455,0,1.0766971639022755,0,4062.9770070140025,3653.617567573483,4439.373429085383,0
2024-09-28,google_product_001,Search,4049,0.1178442830087953,3.3823583230663035,0.0460560623263131,0,0.8640756847247613,0,3850.704365851204,3457.2313412352887,4248.109465859358,0
2024-09-29,google_product_001,Search,3937,0.103387237019518,2.4649597524676405,0.0450860837323344,0,0.7703213317016054,0,3932.8779389464694,3551.585130868103,4316.491521644753,0
2024-09-30,google_product_001,Search,4034,0.1745366897407508,2.1199899660922363,0.0356969068004535,0,0.85151929815916,0,4128.1064182815435,3723.3074997769454,4535.418879045685,0
2024-10-01,google_product_001,Search,4541,0.1612922857829254,4.712712028861331,0.0251594333507566,0,1.2759251640764817,0,4407.398637534342,4017.4387109363697,4810.197322846797,0
2024-10-02,google_product_001,Search,4542,0.1229384533692746,2.116849791941416,0.0379153178945959,0,1.2767622565141885,0,4421.004767303262,4000.69914087267,4812.094414379818,0
2024-10-03,google_product_001,Search,4484,0.1239101075617591,3.627680947062077,0.0520660815486391,0,1.228210895127197,0,4302.295144736246,3884.5673249146284,4693.181064498223,0
2024-10-04,google_product_001,Search,4176,0.183763043532443,4.437313187038961,0.0247283214341035,0,0.9703864243135184,0,4062.0577402826943,3661.7127435492757,4454.127573155327,0
2024-10-05,google_product_001,Search,4101,0.1143176432139801,4.185175536829914,0.029449106318233,0,0.9076044914855123,0,3851.5837834493036,3469.770583251475,4244.478007315065,0
2024-10-06,google_product_001,Search,3847,0.1992801885976789,4.425444864184172,0.0412626773623406,0,0.6949830123079981,0,3936.3242989973514,3546.376729272307,4328.185679369667,0
2024-10-07,google_product_001,Search,4456,0.1229813779605639,4.222289855800854,0.0301534521515273,0,1.204772306871408,0,4134.873671839621,3756.899953940871,4540.588042394198,0
2024-10-08,google_product_001,Search,4472,0.1691517577682514,5.278865813313393,0.0320747655288478,0,1.2181657858747161,0,4418.207702065339,4049.1448794227535,4828.927090272932,0
2024-10-09,google_product_001,Search,4910,0.1401414457275304,3.047683619261203,0.0357640141827182,0,1.584812273590272,1,4436.525382233253,4011.1090409024528,4840.374606534758,1
2024-10-10,google_product_001,Search,4200,0.1680956229324703,3.3230048615414685,0.0263438259580985,0,0.9904766428184804,0,4323.128776645543,3935.1212247834897,4753.264887035325,0
2024-10-11,google_product_001,Search,4430,0.1336765799365742,3.227340554729176,0.0302587815378363,0,1.1830079034910326,0,4088.7219820421133,3702.5786118619053,4461.940989661848,0
2024-10-12,google_product_001,Search,3965,0.1451162128178311,4.83019181186261,0.047034279167873,0,0.7937599199573944,0,3884.498656348387,3483.485996161947,4311.286935469533,0
2024-10-13,google_product_001,Search,3859,0.1512275752618716,4.900398588395063,0.0269263021776903,0,0.705028121560479,0,3975.800820595831,3562.2538204222865,4384.133904755258,0
2024-10-14,google_product_001,Search,4133,0.1199343763265558,4.4512253193185085,0.0240212786550516,0,0.9343914494921282,0,4181.104996047881,3789.4389101860297,4577.749132208571,0
2024-10-15,google_product_001,Search,4406,0.1722247303626037,5.183493666889928,0.033699750204661,0,1.1629176849860705,0,4471.263073272219,4077.0614622370886,4897.5602626454065,0
2024-10-16,google_product_001,Search,4619,0.1346035930058524,2.8219591326236197,0.0473195550250984,0,1.341218374217608,0,4496.347073879981,4073.021685078878,4902.7880083486425,0
2024-10-17,google_product_001,Search,4482,0.1431420025397994,5.667224111551137,0.0380307819200311,0,1.2265367102517835,0,4389.532108326944,4006.1522813373795,4794.294739540015,0
2024-10-18,google_product_001,Search,4009,0.1201695187617446,5.523238621712258,0.0353541892188438,0,0.8305919872164913,0,4161.3984301024975,3763.18142992626,4549.438829078159,0
2024-10-19,google_product_001,Search,3963,0.0731299902361406,4.7356219972457465,0.040443587975156,0,0.7920857350819809,0,3963.0219930554927,3541.10026508615,4386.741743330837,0
2024-10-20,google_product_001,Search,4460,0.1442691671219949,5.78179890877106,0.0225429256714034,0,1.208120676622235,0,4059.63613854829,3630.590543045718,4459.9718869742865,1
2024-10-21,google_product_001,Search,4619,0.2223784626483874,2.343376792322226,0.0449470565377503,0,1.341218374217608,0,4269.620399552069,3862.8345940144254,4638.760608634995,0
2024-10-22,google_product_001,Search,4602,0.1735381286369407,3.475551863737348,0.0438343503140364,0,1.3269878027765933,0,4563.743749060098,4153.416375808202,4983.274182767154,0
2024-10-23,google_product_001,Search,4587,0.1494221886079681,3.264696539318048,0.0359069152590427,0,1.3144314162109922,0,4592.0113916177,4185.222613506121,4963.505970455441,0
2024-10-24,google_product_001,Search,4448,0.1421132751237519,4.721479323757343,0.0500592451179641,0,1.198075567369754,0,4487.5493485131365,4090.6815073498606,4872.154251024939,0
2024-10-25,google_product_001,Search,4294,0.1506739767843614,2.9498592603978544,0.0287250390104696,0,1.0691633319629148,0,4260.907694672302,3856.8372996500652,4674.12224299931,0
2024-10-26,google_product_001,Search,3812,0.1664135734552563,4.757495149337485,0.0512790899325356,0,0.6656847769882619,0,4063.1518233931833,3674.5326765964614,4440.80459262389,0
2024-10-27,google_product_001,Search,4030,0.1145756155407346,5.370536143996714,0.0415449366559525,0,0.8481709284083331,0,4159.524347511323,3779.482708636039,4535.477225125666,0
2024-10-28,google_product_001,Search,3990,0.1834296508400661,4.695202900083999,0.0366344741012182,0,0.8146872309000631,0,4368.433619027997,3961.1844418585724,4753.429660817124,0
2024-10-29,google_product_001,Search,4646,0.1714614394632373,4.283751023661501,0.0398012636463168,0,1.3638198700356903,0,4660.696202625031,4279.921824118761,5053.002202804921,0
2024-10-30,google_product_001,Search,4761,0.171545571771238,3.012126659099251,0.0389273523418905,0,1.4600855003719664,0,4686.38242284762,4281.648731925517,5087.184032269093,0
2024-10-31,google_product_001,Search,4381,0.1631542721642918,3.1531490338746355,0.0522028289641771,0,1.1419903740434019,0,4578.699268822971,4170.139710245416,4968.698510705432,0
2024-11-01,google_product_001,Search,4540,0.1505884997308197,5.249618905296667,0.0292332087252898,0,1.275088071638775,0,4348.291559324588,3952.4646432416125,4733.323545439599,0
2024-11-02,google_product_001,Search,3826,0.1701858370790046,4.779349003905333,0.032374807608534,0,0.6774040711161563,0,4146.33079931389,3749.620441769443,4544.467324214066,0
2024-11-03,google_product_001,Search,3845,0.1677544240122413,3.960980480622456,0.0503630289207248,0,0.6933088274325846,0,4238.17440023716,3849.868264938223,4674.802342415634,1
2024-11-04,google_product_001,Search,4425,0.1393787786717693,3.582090454234109,0.0340446506481614,0,1.1788224413024988,0,4442.351316832194,4062.7090380006316,4826.540112867234,0
2024-11-05,google_product_001,Search,4833,0.1327919468130929,1.9741921268886231,0.0490053307733159,0,1.5203561558868524,1,4729.801511612262,4339.8786401338875,5107.24142074248,0
2024-11-06,google_product_001,Search,5027,0.1530556888578595,2.9291475813155614,0.0569943598300871,0,1.6827520888019616,1,4750.718445598425,4350.717055166014,5126.646810155481,0
2024-11-07,google_product_001,Search,4445,0.1964706045448556,5.911419087139723,0.0359820497305836,0,1.195564290056634,0,4638.428958807735,4238.20245391168,5030.58547790786,0
2024-11-08,google_product_001,Search,4501,0.1128267877303829,2.719544428997533,0.046813623265753,0,1.2424414665682117,0,4403.691521711142,3995.613379195089,4801.455647594695,0
2024-11-09,google_product_001,Search,4125,0.1059742420274268,4.189479821221081,0.0284630771866014,0,0.9276947099904742,0,4197.782363773101,3773.9345631686024,4595.447602323779,0
2024-11-10,google_product_001,Search,4165,0.1549428252370955,5.007443973195199,0.047547332980678,0,0.9611784074987442,0,4286.152220995784,3883.3705800984094,4686.272510858454,0
2024-11-11,google_product_001,Search,4620,0.1515266310556805,2.745077331997708,0.0419942398598676,0,1.3420554666553148,0,4487.409817550729,4077.90318341224,4901.234655528728,0
2024-11-12,google_product_001,Search,4818,0.1552002499311122,4.184710474781084,0.0447303828216021,0,1.507799769321251,1,4772.559546192025,4374.027479858255,5173.8568966466255,0
2024-11-13,google_product_001,Search,4440,0.157318595937255,4.937915537510655,0.033544279279646,0,1.1913788278681001,0,4791.842589160694,4363.411536499616,5207.969021472458,0
2024-11-14,google_product_001,Search,4897,0.1433039323609558,4.01249932190725,0.0233891658443282,0,1.5739300719000842,1,4678.615874928559,4263.674579183511,5067.41058445445,0
2024-11-15,google_product_001,Search,4628,0.1946959031580624,6.868403055666768,0.045032520647495,0,1.3487522061569688,0,4443.649871558021,4029.1556516534797,4814.556859830023,0
2024-11-16,google_product_001,Search,4074,0.1019728806457045,2.3314007411218047,0.0193659684752054,0,0.88500299566743,0,4238.214729785049,3814.5438474109865,4640.434940241252,0
2024-11-17,google_product_001,Search,4346,0.1251450892565926,5.058728529883879,0.0368264950775746,0,1.1126921387236657,0,4327.73751196165,3910.2885888661453,4722.50467331972,0
2024-11-18,google_product_001,Search,4610,0.1469023571955285,3.827198262603536,0.0494118186641997,0,1.3336845422782473,0,4530.786603704312,4102.375105882409,4928.02323280829,0
2024-11-19,google_product_001,Search,4808,0.1007043356653749,4.771920154836675,0.0419189773587303,0,1.4994288449441837,0,4818.310742779499,4401.30636832256,5215.115558362933,0
2024-11-20,google_product_001,Search,4714,0.1447243678670378,4.441307151699246,0.0594834264478981,0,1.4207421557997493,0,4840.48186584155,4443.367573693903,5222.844905057949,0
2024-11-21,google_product_001,Search,4538,0.1998441049718405,3.2668438028900035,0.0502510915258177,0,1.2734138867633615,0,4730.576117495108,4341.46410561573,5143.359024849038,0
2024-11-22,google_product_001,Search,4418,0.1506265946488788,4.22899639245934,0.0334610161167442,0,1.1729627942385517,0,4499.273963325364,4096.361656775145,4913.523988589125,0
2024-11-23,google_product_001,Search,4505,0.1569210271715605,2.142098548601713,0.0402731337985143,0,1.2457898363190387,0,4297.748854284239,3880.185338363143,4694.62436591189,0
2024-11-24,google_product_001,Search,4448,0.1121950570448225,4.603247500571394,0.0395262929745556,0,1.198075567369754,0,4391.327108157439,4019.5211442927134,4809.549698730263,0
2024-11-25,google_product_001,Search,4511,0.1315091577588156,4.298158465990525,0.0241782323665387,0,1.2508123909452793,0,4598.475031802493,4169.169112895988,4990.865348403124,0
2024-11-26,google_product_001,Search,4984,0.1387441085902818,4.638660168643103,0.0305960108351564,0,1.6467571139805715,1,4890.040644879718,4491.737807108958,5285.801630509395,0
2024-11-27,google_product_001,Search,4329,0.1404685470973129,5.05811832508715,0.0343923909302014,0,1.098461567282651,0,4916.099133233554,4522.2577149130375,5296.868438639103,1
2024-11-28,google_product_001,Search,4977,0.188449313850113,4.367619840209711,0.0196377949714406,0,1.640897466916624,1,4809.836307311165,4393.618001114833,5212.978554483604,0
2024-11-29,google_product_001,Search,6150,0.1667307318217537,4.148089419798276,0.0404749346825164,1,2.6228068963466407,1,4581.85094341959,4164.842722458483,4968.55744549837,1
2024-11-30,google_product_001,Search,4274,0.116656261291889,3.118931663338708,0.0375092815534695,0,1.0524214832087797,0,4383.245398328836,3962.9851586344225,4792.434204104812,0
2024-12-01,google_product_001,Search,4192,0.1573951433529601,3.287779236350949,0.0232710609868842,0,0.9837799033168264,0,4479.287114534083,4065.899390908537,4862.571160597284,0
2024-12-02,google_product_001,Search,2903,0.1649466524549035,5.186734620177331,0.0440421286527733,1,-0.09523224888717279,0,4688.39700118699,4284.482529924152,5088.664336539765,1
2024-12-03,google_product_001,Search,5140,0.1842044711556379,5.436335405705979,0.0471587274469096,0,1.7773435342628243,1,4981.392023434288,4576.428049133224,5392.530272537311,0
2024-12-04,google_product_001,Search,4883,0.1974162205970512,3.761889563687946,0.0422703447886488,0,1.5622107777721899,1,5008.3311116696905,4587.622104086869,5401.365896565665,0
2024-12-05,google_product_001,Search,4895,0.1195471742451639,4.046002747253274,0.0367593182479103,0,1.5722558870246708,1,4902.398661178851,4488.2504388250545,5315.6461005367955,0
2024-12-06,google_product_001,Search,4568,0.1256742746636898,3.0953856250062337,0.0459144215175185,0,1.298526659894564,0,4674.206506682287,4297.981481938209,5067.974243244445,0
2024-12-07,google_product_001,Search,4522,0.1122726642325615,5.172756845267445,0.0468022036047669,0,1.2600204077600534,0,4474.88378040631,4073.6899549400105,4859.108046668729,0
2024-12-08,google_product_001,Search,4511,0.1429794042267905,4.665416823691778,0.0430740356971968,0,1.2508123909452793,0,4569.737299759526,4168.19123926602,4979.085916462583,0
2024-12-09,google_product_001,Search,4486,0.16399075123339,5.941217436463749,0.0317538774956523,0,1.2298850800026104,0,4777.238508189252,4383.049062089429,5183.301608179778,0
2024-12-10,google_product_001,Search,5188,0.179620035497673,3.121676922820261,0.0427660076551118,0,1.8175239712727482,1,5068.264348986311,4660.4120819039035,5426.3328912277175,0
2024-12-11,google_product_001,Search,4960,0.1477214692907243,3.621992100981783,0.0519548065082547,0,1.6266668954756094,1,5092.941237709474,4714.963670975077,5494.238490787627,0
2024-12-12,google_product_001,Search,4596,0.1404045743023546,4.231445922525572,0.0340337094138827,0,1.321965248150353,0,4984.526463250148,4580.911448885748,5414.678921417093,0
2024-12-13,google_product_001,Search,4574,0.1545527397674622,4.64648953772577,0.0609793933913243,0,1.3035492145208043,0,4753.707965276215,4327.079941958016,5178.9749892030195,0
2024-12-14,google_product_001,Search,4809,0.1249457129510993,3.784332362452368,0.0347436906601461,0,1.5002659373818903,1,4551.6919616870555,4160.930210883966,4943.520127445974,0
2024-12-15,google_product_001,Search,4749,0.2126861616508432,3.1270389095463,0.0403240701334013,0,1.4500403911194855,0,4643.861137067796,4240.702764689411,5042.563193570379,0
2024-12-16,google_product_001,Search,4756,0.1017701691864582,4.881407528923571,0.0332751440399366,0,1.4559000381834326,0,4848.759478596673,4422.572682914113,5259.255427781626,0
2024-12-17,google_product_001,Search,5002,0.1555422173668717,4.721135362545581,0.0422327083592026,0,1.661824777859293,1,5137.331198334705,4726.327271460601,5552.2920324781735,0
2024-12-18,google_product_001,Search,5078,0.2107081865768891,3.083725899436275,0.0225777830736472,0,1.725443803125006,1,5159.762961211958,4757.351149122261,5553.016387569839,0
2024-12-19,google_product_001,Search,5407,0.1502039953367999,5.355442801105496,0.0345395820118327,0,2.000847215130526,1,5049.363795461968,4642.148607754426,5446.422768182028,0
2024-12-20,google_product_001,Search,4820,0.1442988289499551,5.170198709196604,0.0290787879965143,0,1.5094739541966646,1,4816.863671730579,4406.463419417121,5232.890067382767,0
2024-12-21,google_product_001,Search,4679,0.1392766373156871,4.134296497247793,0.0413533834789229,0,1.391443920480013,0,4613.500253739922,4192.695626177705,5023.445539081905,0
2024-12-22,google_product_001,Search,4869,0.1445882495471277,4.079597862376036,0.049944473755089,0,1.5504914836442953,1,4704.67655073856,4288.773967444996,5095.349023718086,0
2024-12-23,google_product_001,Search,4958,0.1911854542402959,4.554057771115907,0.0464600618711455,0,1.624992710600196,1,4908.945567019507,4493.969521337654,5291.418577639598,0
2024-12-24,google_product_001,Search,5105,0.0836441426601147,3.138296929743742,0.016283406391411,0,1.748045298943088,1,5197.249385681862,4810.139531140295,5630.144311702876,0
2024-12-25,google_product_001,Search,5188,0.1960030110388897,4.030031479164082,0.0604206965292788,0,1.8175239712727482,1,5219.761893830273,4804.938925023705,5633.766371897726,0
2024-12-26,google_product_001,Search,5063,0.1072812854264956,1.84761645539082,0.0429527994062086,0,1.7128874165594046,1,5109.769503924746,4724.187684134611,5497.215050414362,0
2024-12-27,google_product_001,Search,4821,0.1420004301229675,4.876455645502936,0.0322350085950699,0,1.5103110466343714,1,4877.970826388108,4491.900710257185,5298.10829599308,0
2024-12-28,google_product_001,Search,4824,0.1371226673910401,2.438506777558141,0.0415712791899094,0,1.5128223239474916,1,4675.56475709117,4272.083068226252,5040.37684932648,0
2024-12-29,google_product_001,Search,4759,0.1676565980931215,5.503419828428999,0.0417618982250269,0,1.458411315496553,0,4767.909663925859,4354.507612379863,5187.141562834809,0
2024-12-30,google_product_001,Search,5142,0.1020562694434875,3.66987990603355,0.0333315128304843,0,1.7790177191382377,1,4973.509716328503,4598.401469910036,5402.787460611161,0
2024-12-31,google_product_001,Search,5227,0.1638651799824582,3.788333018068823,0.0419791666734207,0,1.8501705763433114,1,5263.255739766405,4857.927129644163,5650.706959048012,0
