date,product_id,category,daily_active_users,click_through_rate,avg_session_duration,conversion_rate,is_anomaly
2022-01-01,google_product_001,Search,815,0.15235905570948272,6.024309623286852,0.03372266093915494,0
2022-01-02,google_product_001,Search,758,0.09005397946403676,2.6368259954071895,0.037119611260779235,0
2022-01-03,google_product_001,Search,1162,0.17748983024107443,4.189706167610396,0.054185313451480366,0
2022-01-04,google_product_001,Search,1584,0.16039465427693977,3.338017822203391,0.015121913434649206,0
2022-01-05,google_product_001,Search,1303,0.17994030329578956,4.425887206193035,0.05276965386088188,0
2022-01-06,google_product_001,Search,1153,0.06311233865418932,4.0191477774157525,0.043380234811017084,0
2022-01-07,google_product_001,Search,1267,0.21265124114342182,3.3585130909556904,0.027929783521427845,0
2022-01-08,google_product_001,Search,955,0.1458123111553448,4.487872284871074,0.02924687606950762,0
2022-01-09,google_product_001,Search,777,0.1832454845021255,5.804348109786743,0.05676393027208203,0
2022-01-10,google_product_001,Search,1227,0.11880282218623407,3.809096208272701,0.030544931200572688,0
2022-01-11,google_product_001,Search,1272,0.1683832171518771,4.719757942148182,0.028466494894040406,0
2022-01-12,google_product_001,Search,1342,0.11839753310479031,2.7067270421288363,0.05137314542364729,0
2022-01-13,google_product_001,Search,1333,0.13128693117912585,3.043563623181991,0.043385528762859144,0
2022-01-14,google_product_001,Search,654,0.20742094061600358,4.472406277880378,0.03062074423463601,0
2022-01-15,google_product_001,Search,541,0.1442795279770996,5.484116028535965,0.04216624975404619,0
2022-01-16,google_product_001,Search,843,0.15652298619539168,4.35561334878566,0.029742473163597228,0
2022-01-17,google_product_001,Search,1000,0.17610203192066262,3.6869419694768455,0.05100821398422605,0
2022-01-18,google_product_001,Search,1511,0.16487045663917813,3.999291405423354,0.05061370964873134,0
2022-01-19,google_product_001,Search,1337,0.15451256715430728,2.7495922660302825,0.04532006198821943,0
2022-01-20,google_product_001,Search,1085,0.16094883007398675,4.604515326355367,0.043616610612470165,0
2022-01-21,google_product_001,Search,1412,0.22210246755714824,4.88233306232341,0.05761188124867374,0
2022-01-22,google_product_001,Search,923,0.14827143608899243,3.5479096671669197,0.03999686327388225,0
2022-01-23,google_product_001,Search,3052,0.156032971401449,3.5299578522404986,0.02818125874579199,1
2022-01-24,google_product_001,Search,999,0.18151963188022835,4.265878229652048,0.044494739128323066,0
2022-01-25,google_product_001,Search,1421,0.1831657779887395,3.5632802639594043,0.06086047049537114,0
2022-01-26,google_product_001,Search,1622,0.1856109091668114,3.9338673853741777,0.029852405068141477,0
2022-01-27,google_product_001,Search,1219,0.16916190666087552,6.099721789166516,0.03638537233306014,0
2022-01-28,google_product_001,Search,1275,0.11570985261808549,3.7529742992540034,0.04416446038101453,0
2022-01-29,google_product_001,Search,929,0.19900294596903287,3.6416598479787776,0.03946095150994261,0
2022-01-30,google_product_001,Search,1059,0.11560963820943936,3.352458194364841,0.030176964196226855,0
2022-01-31,google_product_001,Search,1243,0.159079063957171,4.744191971499937,0.05121857856230471,0
2022-02-01,google_product_001,Search,1979,0.12737172449941925,3.818775826781897,0.06320040722017259,0
2022-02-02,google_product_001,Search,1675,0.1480758496022102,3.350626961678574,0.04196131459023907,0
2022-02-03,google_product_001,Search,1315,0.1598628723091044,5.321304032273012,0.030959317102639997,0
2022-02-04,google_product_001,Search,1441,0.1596407164635082,5.419603004513637,0.02451039474946525,0
2022-02-05,google_product_001,Search,881,0.16265762262705855,3.399576434261295,0.042579759812211807,0
2022-02-06,google_product_001,Search,1236,0.1984113380717594,2.1334600486393835,0.05103877343316258,0
2022-02-07,google_product_001,Search,1047,0.16360602904541938,5.007513689836922,0.044751677464953815,0
2022-02-08,google_product_001,Search,1418,0.14267530094128053,3.315370174239996,0.03997596159081146,0
2022-02-09,google_product_001,Search,1792,0.1789226150486507,4.790625599162769,0.03410728348210694,0
2022-02-10,google_product_001,Search,1748,0.1856841146677392,2.0298961822881645,0.029078363672819102,0
2022-02-11,google_product_001,Search,1384,0.11317176554589023,4.892597338299309,0.04834751326324882,0
2022-02-12,google_product_001,Search,1175,0.16792200209549574,2.7888280707192186,0.04913771621385586,0
2022-02-13,google_product_001,Search,1205,0.17103518226932696,4.730764119066524,0.02454270213309267,0
2022-02-14,google_product_001,Search,1214,0.14107309489920022,4.0142730678364344,0.05589838978180684,0
2022-02-15,google_product_001,Search,1610,0.19127120439934858,3.0460605806033554,0.045740712208940014,0
2022-02-16,google_product_001,Search,1730,0.14549833238902418,3.5929636870732193,0.05399594645145794,0
2022-02-17,google_product_001,Search,1880,0.15376729360414626,4.686318456956701,0.02657872251514885,0
2022-02-18,google_product_001,Search,1487,0.1448078452714839,4.105894453115234,0.02634175844584561,0
2022-02-19,google_product_001,Search,913,0.150467371427444,4.584412980472484,0.038510306902327034,0
2022-02-20,google_product_001,Search,1397,0.11711174739314395,5.976440584515485,0.04502784426895194,0
2022-02-21,google_product_001,Search,1499,0.10679847352217117,2.4357583882889484,0.05796360822926964,0
2022-02-22,google_product_001,Search,1684,0.19783515189674916,5.617212574968624,0.047060789138151315,0
2022-02-23,google_product_001,Search,2009,0.12459115955045016,4.104355937523213,0.03757318723187967,0
2022-02-24,google_product_001,Search,1939,0.12025822951631078,3.101215951676872,0.02973630792334108,0
2022-02-25,google_product_001,Search,1667,0.08539829659188855,2.66968637426101,0.0523000057271915,0
2022-02-26,google_product_001,Search,1159,0.13083114756931494,3.8108796092229666,0.03035294574249285,0
2022-02-27,google_product_001,Search,1332,0.11030730619777504,4.92165011192446,0.056284685547723215,0
2022-02-28,google_product_001,Search,1703,0.19926045480409105,3.8724508796224657,0.037156153503934905,0
2022-03-01,google_product_001,Search,2074,0.18029451268027902,5.511154930247347,0.0559058207261785,0
2022-03-02,google_product_001,Search,349,0.12935548964466828,2.548824309948441,0.04678931290059278,1
2022-03-03,google_product_001,Search,1753,0.21757307416032926,3.9879110521539456,0.03863004510557542,0
2022-03-04,google_product_001,Search,1317,0.17945296460974783,2.7476065555868807,0.034806036281738735,0
2022-03-05,google_product_001,Search,1144,0.14025505849474132,4.363631882624968,0.0365909212265392,0
2022-03-06,google_product_001,Search,1611,0.0750178285537928,4.8868873900973,0.04428316692375238,0
2022-03-07,google_product_001,Search,1962,0.21872827717772225,3.579238206318947,0.04077156496217717,0
2022-03-08,google_product_001,Search,1918,0.10831282599709212,1.3957861433728658,0.03406188591931295,0
2022-03-09,google_product_001,Search,2198,0.10063803759129325,4.198948146796495,0.03834368589682368,0
2022-03-10,google_product_001,Search,1914,0.1806771129602892,4.43673855173351,0.0407857702971915,0
2022-03-11,google_product_001,Search,1459,0.22319257219017818,4.404294754961698,0.018712659055851878,0
2022-03-12,google_product_001,Search,1505,0.19152818455531553,5.235782191822154,0.044581681147886985,0
2022-03-13,google_product_001,Search,1805,0.16691727360157077,2.928946320350951,0.03020278775283193,0
2022-03-14,google_product_001,Search,1731,0.16784263024995857,4.68021610545045,0.02846667596794255,0
2022-03-15,google_product_001,Search,2292,0.17560246676340924,5.192507512477975,0.023126556528892898,0
2022-03-16,google_product_001,Search,1519,0.17276785769360295,2.221412415993483,0.022061075021321097,0
2022-03-17,google_product_001,Search,2051,0.15843574271908126,4.319651825918977,0.02644552496887711,0
2022-03-18,google_product_001,Search,1649,0.15312603311855627,3.4958201689923287,0.032909790423695094,0
2022-03-19,google_product_001,Search,1416,0.14812220616301433,3.918477326898354,0.05953259137526568,0
2022-03-20,google_product_001,Search,1557,0.1273810623339997,4.347676483538336,0.034741203241047965,0
2022-03-21,google_product_001,Search,1381,0.14157974769399678,3.5127714358864477,0.041777501062680314,0
2022-03-22,google_product_001,Search,1975,0.09921129557413844,3.3242919208383883,0.04400481386506329,0
2022-03-23,google_product_001,Search,2153,0.1470498111961575,4.034152417488024,0.04131065186215849,0
2022-03-24,google_product_001,Search,2220,0.12034226678547247,2.912754061137197,0.03922556539274007,0
2022-03-25,google_product_001,Search,1565,0.11689232048352687,2.9141748711148145,0.028047062364007554,0
2022-03-26,google_product_001,Search,1349,0.15539682453460435,4.679373282956504,0.05450927548279212,0
2022-03-27,google_product_001,Search,1473,0.19176006859033798,2.851205964841344,0.05807196643637885,0
2022-03-28,google_product_001,Search,1995,0.17754949818006938,4.666312500909212,0.023173413058773143,0
2022-03-29,google_product_001,Search,2117,0.10288498189130468,4.4625912928539515,0.029759714091136206,0
2022-03-30,google_product_001,Search,2007,0.12031115590288988,2.2741932712094033,0.03720189657622994,0
2022-03-31,google_product_001,Search,2057,0.17822313563964648,3.322435347664345,0.03035462205089809,0
2022-04-01,google_product_001,Search,1718,0.1205253781938507,5.1941094030473725,0.04505965553455865,0
2022-04-02,google_product_001,Search,1733,0.14326100550008924,3.0188344688603186,0.03271727797593387,0
2022-04-03,google_product_001,Search,1460,0.16650156297073654,3.5355957376906124,0.06165056067806603,0
2022-04-04,google_product_001,Search,1773,0.12094966635409093,4.462060893251897,0.05190548594343596,0
2022-04-05,google_product_001,Search,1998,0.15316126518437878,4.7833905092825955,0.04212574030632215,0
2022-04-06,google_product_001,Search,1845,0.10997923515245386,3.7484611139555044,0.050269862633197326,0
2022-04-07,google_product_001,Search,2037,0.1319589706814636,3.4024898053083583,0.05105900424357309,0
2022-04-08,google_product_001,Search,1773,0.1595934580242761,5.422369861698508,0.03436052511941757,0
2022-04-09,google_product_001,Search,1562,0.10221018799404992,5.738899663797579,0.03183782755458035,0
2022-04-10,google_product_001,Search,1574,0.16321424213881197,4.978858050781795,0.040781430629696476,0
2022-04-11,google_product_001,Search,1575,0.14941086603219955,4.085318142565024,0.04861636124497944,0
2022-04-12,google_product_001,Search,2010,0.16657469863251442,3.191734278359074,0.04139060398653418,0
2022-04-13,google_product_001,Search,2086,0.15671742402193983,3.1695555934434347,0.02423003517809003,0
2022-04-14,google_product_001,Search,1833,0.19092421289921532,4.522514105265757,0.031971755560491574,0
2022-04-15,google_product_001,Search,1703,0.1537567350794372,4.418398220888684,0.03926027136405622,0
2022-04-16,google_product_001,Search,1655,0.1371178337662424,5.40159859294643,0.0392433439567417,0
2022-04-17,google_product_001,Search,2011,0.1536689250909685,4.650450092536139,0.05972542176789808,0
2022-04-18,google_product_001,Search,1905,0.16629894087109162,2.4969196982401822,0.02614012057601002,0
2022-04-19,google_product_001,Search,2157,0.15146580210977112,5.051947617722918,0.04505589241835875,0
2022-04-20,google_product_001,Search,2149,0.15121775073611646,3.001939372685587,0.0548911310832829,0
2022-04-21,google_product_001,Search,1619,0.12894024936579734,3.6160287280476484,0.06271449745422797,0
2022-04-22,google_product_001,Search,1738,0.13011297247347156,4.250200206251694,0.035956025768160385,0
2022-04-23,google_product_001,Search,1594,0.1079218418460092,5.995667489783965,0.044914294527202,0
2022-04-24,google_product_001,Search,2133,0.20248730229560818,7.109918556005361,0.04569760357198647,0
2022-04-25,google_product_001,Search,1836,0.11268410293826145,4.606723059136183,0.04195481731553291,0
2022-04-26,google_product_001,Search,2170,0.12921284406612277,3.816803381279612,0.03901154798760694,0
2022-04-27,google_product_001,Search,2160,0.12844778203292406,4.53450564848055,0.04435975389500046,0
2022-04-28,google_product_001,Search,1771,0.17684773130833323,4.887655425873836,0.014677539147803148,0
2022-04-29,google_product_001,Search,1973,0.14115150965123915,3.6793323744428084,0.04682069490062631,0
2022-04-30,google_product_001,Search,1732,0.187432262180212,5.795211355912322,0.04126177903661967,0
2022-05-01,google_product_001,Search,1797,0.12979528127268394,4.230070759191402,0.03777525103221735,0
2022-05-02,google_product_001,Search,1691,0.15836982486671405,4.4977430890913945,0.06046862195719558,0
2022-05-03,google_product_001,Search,2387,0.12493958840220727,4.665924252054461,0.03325065981209448,0
2022-05-04,google_product_001,Search,1884,0.21435447383320164,4.4215866106144555,0.035969240109349696,0
2022-05-05,google_product_001,Search,2118,0.11437204742911461,4.838940500469612,0.05991553302204734,0
2022-05-06,google_product_001,Search,2177,0.15929462130681082,3.382746813453077,0.03167938695150144,0
2022-05-07,google_product_001,Search,1377,0.16901330642796294,3.4416982460539693,0.03449884717063461,0
2022-05-08,google_product_001,Search,1519,0.16241397292354495,2.899845767028305,0.0385297457656915,0
2022-05-09,google_product_001,Search,1885,0.14444137023366874,4.439501230620227,0.048407344821295495,0
2022-05-10,google_product_001,Search,1997,0.14610537900799722,4.778936503512114,0.042078025073533136,0
2022-05-11,google_product_001,Search,1844,0.15131434415937328,4.457772866151886,0.027073746528477376,0
2022-05-12,google_product_001,Search,2004,0.14558993995114533,5.674492433347537,0.034678314368728105,0
2022-05-13,google_product_001,Search,1515,0.1789163735038473,3.9944039811709535,0.033926455667877886,0
2022-05-14,google_product_001,Search,1658,0.21631569004774054,4.6687416555925125,0.039227789547769544,0
2022-05-15,google_product_001,Search,1435,0.133275246449765,2.9082991238606857,0.04425843658629829,0
2022-05-16,google_product_001,Search,2161,0.10890591061262767,3.612900297525599,0.044182057558879724,0
2022-05-17,google_product_001,Search,1927,0.14735153854946234,4.695537757565777,0.02223988245951598,0
2022-05-18,google_product_001,Search,2075,0.22739128012962956,4.849102110743144,0.05063940987560856,0
2022-05-19,google_product_001,Search,2137,0.12588976296090806,3.7060330523358176,0.04252568845996624,0
2022-05-20,google_product_001,Search,1465,0.19917350416332202,3.928400748141933,0.05384532047593906,0
2022-05-21,google_product_001,Search,1592,0.20033102442229322,2.4821262533191906,0.04444198327290672,0
2022-05-22,google_product_001,Search,1862,0.13339235274876016,3.6429707991933906,0.05101322957735762,0
2022-05-23,google_product_001,Search,1511,0.16706949237555827,4.890383163519786,0.04466545311450127,0
2022-05-24,google_product_001,Search,2101,0.19885189869385614,4.575205016106566,0.05346225756202748,0
2022-05-25,google_product_001,Search,2171,0.1386261677703754,4.50066572138121,0.045222506360177786,0
2022-05-26,google_product_001,Search,2110,0.14389258919692915,4.04977368718096,0.03902084753557096,0
2022-05-27,google_product_001,Search,1442,0.13254957258154068,4.007063158628177,0.06272434720446882,0
2022-05-28,google_product_001,Search,1260,0.11955729807921399,3.339678860526553,0.04889037122279892,0
2022-05-29,google_product_001,Search,1683,0.13052167364801978,4.698828420202535,0.04573744421004413,0
2022-05-30,google_product_001,Search,1869,0.1132817919971323,4.42097294438939,0.02723695583461664,0
2022-05-31,google_product_001,Search,2090,0.15102250404777678,4.492018847992799,0.027116923825364625,0
2022-06-01,google_product_001,Search,2163,0.12690080306824075,3.4739651573324197,0.04292715482141853,0
2022-06-02,google_product_001,Search,1792,0.15701357735372243,1.8466570801287556,0.041455211977682406,0
2022-06-03,google_product_001,Search,1710,0.10332313061389117,5.097152711753695,0.03385877434991684,0
2022-06-04,google_product_001,Search,1556,0.1599264069664337,3.5211625439915957,0.0414098269961206,0
2022-06-05,google_product_001,Search,1409,0.17500586884826774,3.1372242359568796,0.055886269280435955,0
2022-06-06,google_product_001,Search,2155,0.09018793072285633,4.693478911913994,0.04695402474550299,0
2022-06-07,google_product_001,Search,2107,0.16122169709542716,3.6079873600808705,0.02858991490247262,0
2022-06-08,google_product_001,Search,1828,0.18683006977419875,5.059936384046622,0.038884911728570566,0
2022-06-09,google_product_001,Search,2031,0.11371076943926384,4.617005949576697,0.03195033519147439,0
2022-06-10,google_product_001,Search,1440,0.2001771716051311,4.683569323200477,0.03612300083591439,0
2022-06-11,google_product_001,Search,1625,0.16257057028098135,2.6340442887994655,0.03586384334370357,0
2022-06-12,google_product_001,Search,1753,0.12884964432724771,5.211943985386401,0.035223544173959946,0
2022-06-13,google_product_001,Search,1587,0.1483269276702688,4.261250531233856,0.027448646280266054,0
2022-06-14,google_product_001,Search,2174,0.16674980737565168,3.6307228607537967,0.038723453184818096,0
2022-06-15,google_product_001,Search,2117,0.15228016174237233,4.143388467342251,0.0343939236315269,0
2022-06-16,google_product_001,Search,2032,0.16616267977339108,2.22376476710168,0.010705513099977321,0
2022-06-17,google_product_001,Search,1982,0.122379792207619,4.408652811480671,0.06052972024501663,0
2022-06-18,google_product_001,Search,1387,0.15508082472108234,2.970628491817928,0.050887696542166724,0
2022-06-19,google_product_001,Search,1338,0.10758856509285059,2.6473297141564656,0.03623699275075004,0
2022-06-20,google_product_001,Search,1541,0.14666321815953898,2.477640813782109,0.04018819049740598,0
2022-06-21,google_product_001,Search,1785,0.1228827707560563,5.112688374989926,0.02828345652682438,0
2022-06-22,google_product_001,Search,1986,0.127934101722307,3.3707366063072115,0.05695722877810865,0
2022-06-23,google_product_001,Search,1903,0.1870827952563131,5.5337277099165,0.05897288694773112,0
2022-06-24,google_product_001,Search,1625,0.18273930361782806,3.464198536947702,0.041566937282465244,0
2022-06-25,google_product_001,Search,1568,0.1682741436272153,2.2926420424070533,0.05023530644185345,0
2022-06-26,google_product_001,Search,1458,0.11723061705982263,2.883475560051341,0.04175286778933924,0
2022-06-27,google_product_001,Search,1975,0.14050774650915593,5.235811620006938,0.026632745611240696,0
2022-06-28,google_product_001,Search,1861,0.18639293099937548,3.8441018220633323,0.035881766310363425,0
2022-06-29,google_product_001,Search,2511,0.15425150740919713,3.451712703509399,0.041319279667719575,0
2022-06-30,google_product_001,Search,1925,0.21957988619945082,4.160018225852788,0.03545452281256556,0
2022-07-01,google_product_001,Search,1363,0.16179953518183116,4.501782736167545,0.03781346722564964,0
2022-07-02,google_product_001,Search,1153,0.15576147349470093,5.117398815902461,0.03908600442490886,0
2022-07-03,google_product_001,Search,1517,0.14072650607392495,5.448499229892926,0.039191215021345385,0
2022-07-04,google_product_001,Search,1605,0.15400622714346845,3.6402313542109144,0.04052258490497483,0
2022-07-05,google_product_001,Search,2023,0.14542590490858368,2.6739523139179617,0.02939394933603399,0
2022-07-06,google_product_001,Search,2027,0.1712432603006577,3.586534838876724,0.032829838508720635,0
2022-07-07,google_product_001,Search,1751,0.17870106950383752,4.260280506582886,0.027154157343000307,0
2022-07-08,google_product_001,Search,1331,0.12642031618476152,3.0362410737893892,0.049778155496862,0
2022-07-09,google_product_001,Search,-470,0.11006301139326666,3.042849085104957,0.018943530581596753,1
2022-07-10,google_product_001,Search,1297,0.0949138388069011,4.343787881549885,0.05153590343316926,0
2022-07-11,google_product_001,Search,1787,0.1652397398073763,3.951347648429549,0.053863493972628435,0
2022-07-12,google_product_001,Search,1888,0.11689900181478378,4.032796995411586,0.03697819413017379,0
2022-07-13,google_product_001,Search,1650,0.08541328221142551,3.2415046652999306,0.013968629121727014,0
2022-07-14,google_product_001,Search,1766,0.1616573581359289,3.7695992857942326,0.03638689438032709,0
2022-07-15,google_product_001,Search,1544,0.2247899855229837,3.0757668557316955,0.039358158387111805,0
2022-07-16,google_product_001,Search,1123,0.1498178726538032,4.8901984111247865,0.029894017800710868,0
2022-07-17,google_product_001,Search,1383,0.17515472323354925,5.035249334723753,0.03484781606191757,0
2022-07-18,google_product_001,Search,1594,0.15245488075642694,2.153812137761906,0.05530195198863351,0
2022-07-19,google_product_001,Search,1584,0.1470333104042657,3.0704891398075898,0.04664927162301741,0
2022-07-20,google_product_001,Search,1938,0.17757229448963305,2.503470744909921,0.030754358856219,0
2022-07-21,google_product_001,Search,1811,0.14129176367434046,3.349976065593102,0.02402400830404568,0
2022-07-22,google_product_001,Search,1651,0.1580217694221571,3.916562030209639,0.03672982682390229,0
2022-07-23,google_product_001,Search,1478,0.1596509341858804,2.55035478030147,0.03786543220649562,0
2022-07-24,google_product_001,Search,1046,0.12995728639070853,3.0781401868746867,0.044961991873633166,0
2022-07-25,google_product_001,Search,1364,0.1797612704860957,2.9960426279185013,0.03464683287432341,0
2022-07-26,google_product_001,Search,1885,0.14475120729913774,4.2072673293989435,0.04511499575361862,0
2022-07-27,google_product_001,Search,1938,0.12732764521521467,4.0693443370362505,0.059351540400602296,0
2022-07-28,google_product_001,Search,1772,0.1660952953071121,3.2782624466627466,0.04815501022444263,0
2022-07-29,google_product_001,Search,2175,0.12304596054626887,4.176820872139398,0.03951911492669227,0
2022-07-30,google_product_001,Search,1353,0.15084543472107384,3.4533199154127345,0.03816849528946705,0
2022-07-31,google_product_001,Search,1520,0.14972643010067388,3.728344889673947,0.03643326865820129,0
2022-08-01,google_product_001,Search,1714,0.18257686697494735,5.673452090298537,0.051806409124521446,0
2022-08-02,google_product_001,Search,1884,0.16424094698639857,5.3404610517903475,0.03372686554048697,0
2022-08-03,google_product_001,Search,1745,0.14924919123764568,2.7004187630724026,0.04045222708999983,0
2022-08-04,google_product_001,Search,1794,0.1745329889760086,4.829732417879175,0.04051197901881085,0
2022-08-05,google_product_001,Search,1224,0.19170622647051938,4.811396554491592,0.03498215807188468,0
2022-08-06,google_product_001,Search,1165,0.16673430919055587,2.8517367112473817,0.02627534452115899,0
2022-08-07,google_product_001,Search,1170,0.15031057859530142,4.818777643754861,0.04322974503617668,0
2022-08-08,google_product_001,Search,1515,0.11064491302949521,5.537931918412553,0.03938996028144617,0
2022-08-09,google_product_001,Search,2193,0.11804659010773882,2.877455193755586,0.0450024046943657,0
2022-08-10,google_product_001,Search,1411,0.14084325886935997,3.0824971789857365,0.03466399693560833,0
2022-08-11,google_product_001,Search,1757,0.1317146339352215,5.017661466843503,0.05220821298813048,0
2022-08-12,google_product_001,Search,1034,0.14439086091043662,4.271495310825648,0.031232262187881554,0
2022-08-13,google_product_001,Search,1097,0.15169949774691321,4.551476275239523,0.05712040284017893,0
2022-08-14,google_product_001,Search,1464,0.16589078263070192,4.340589216400497,0.022523634901717385,0
2022-08-15,google_product_001,Search,1491,0.14788503665822725,4.390695920928144,0.044347700645568915,0
2022-08-16,google_product_001,Search,1495,0.16459504931478605,2.673527871688917,0.04475430682526624,0
2022-08-17,google_product_001,Search,1623,0.1519342324443036,5.047317706621448,0.03204442932059118,0
2022-08-18,google_product_001,Search,1737,0.09073600300938386,5.169589992427774,0.044243939378610125,0
2022-08-19,google_product_001,Search,1193,0.12181993818543736,3.7706092559319724,0.05279518669760159,0
2022-08-20,google_product_001,Search,1218,0.14567737332835154,3.9565230501861377,0.017831811606459354,0
2022-08-21,google_product_001,Search,1240,0.11370915771476678,2.468892497444278,0.04502744807490815,0
2022-08-22,google_product_001,Search,1333,0.16799786189988614,4.514254756017835,0.015067291796699224,0
2022-08-23,google_product_001,Search,2125,0.19592252497031093,4.572057441714144,0.03034335196476792,0
2022-08-24,google_product_001,Search,1879,0.1865628555509195,3.937808983000689,0.05629166364900945,0
2022-08-25,google_product_001,Search,1183,0.14359671387209375,5.1243533598705024,0.03418217966607946,0
2022-08-26,google_product_001,Search,1364,0.19472178410549856,3.6659227690200593,0.028261200355910274,0
2022-08-27,google_product_001,Search,1031,0.15446002371606335,4.5646059258936,0.03802062271015318,0
2022-08-28,google_product_001,Search,1391,0.1398874208664588,2.980335661307884,0.06067906338163552,0
2022-08-29,google_product_001,Search,1295,0.1315979200937718,3.976447849125762,0.02168317752793974,0
2022-08-30,google_product_001,Search,1664,0.14092590940535615,3.8256457420971643,0.029486900883606556,0
2022-08-31,google_product_001,Search,1845,0.13835469544376314,4.225307922040941,0.054974316831796266,0
2022-09-01,google_product_001,Search,1755,0.15511248667126462,3.6304730711666413,0.05857702343537732,0
2022-09-02,google_product_001,Search,1081,0.15481721943149593,3.868527404328332,0.03896568775709716,0
2022-09-03,google_product_001,Search,1091,0.15009138060460242,4.826047171441506,0.027609472974733575,0
2022-09-04,google_product_001,Search,1121,0.1631081450923905,3.5632357627617823,0.06095843501809159,0
2022-09-05,google_product_001,Search,1319,0.18571938824359024,2.3934228992613207,0.055944423917491964,0
2022-09-06,google_product_001,Search,2038,0.1784866240632397,5.749583904205421,0.04678946987762233,0
2022-09-07,google_product_001,Search,1824,0.10545306094650289,5.381454078690487,0.0318759765106258,0
2022-09-08,google_product_001,Search,1329,0.07338236595294136,2.7077373048943816,0.039509706591619634,0
2022-09-09,google_product_001,Search,1504,0.1780295973371782,4.689707805245194,0.03839639918955169,0
2022-09-10,google_product_001,Search,1584,0.10899363904753737,3.497025229448657,0.04330851304615578,0
2022-09-11,google_product_001,Search,1424,0.14325703794321948,4.263487215331059,0.054510014381313365,0
2022-09-12,google_product_001,Search,1149,0.1148966092182192,4.294224129013494,0.04879417041137403,0
2022-09-13,google_product_001,Search,1592,0.0959405868725994,3.765592199683678,0.02922623923015242,0
2022-09-14,google_product_001,Search,2001,0.16624388184614364,3.2162343344136035,0.05376496450019538,0
2022-09-15,google_product_001,Search,1445,0.1727746548090794,3.3094589476837406,0.04313132140013155,0
2022-09-16,google_product_001,Search,1417,0.1327046879781984,3.0838080845187577,0.04687065795858916,0
2022-09-17,google_product_001,Search,1322,0.0722687312356527,3.1681777917695553,0.05466540859278603,0
2022-09-18,google_product_001,Search,1041,0.1336126665524255,3.9328217099506446,0.02888419750486449,0
2022-09-19,google_product_001,Search,1451,0.16175412016207638,3.284240010889248,0.03964174421293537,0
2022-09-20,google_product_001,Search,1051,0.10563265293677614,4.68205206571262,0.03468545448640785,0
2022-09-21,google_product_001,Search,1555,0.15550079759337465,5.487246155335927,0.02432140574634544,0
2022-09-22,google_product_001,Search,1549,0.14954070452481014,3.419946758629957,0.0434670997760492,0
2022-09-23,google_product_001,Search,1092,0.16737874498803265,4.239404500535377,0.06511556551584424,0
2022-09-24,google_product_001,Search,1509,0.1535874110524246,4.499685110302934,0.02159922255494247,0
2022-09-25,google_product_001,Search,957,0.12080793177355333,4.472002270919274,0.039677193889505295,0
2022-09-26,google_product_001,Search,1392,0.18589714504993474,4.075955267916087,0.046405429350747734,0
2022-09-27,google_product_001,Search,1744,0.1452441128091909,4.742682418359722,0.041230782016561815,0
2022-09-28,google_product_001,Search,2067,0.14918086381470202,4.482248952680657,0.0388687194748426,0
2022-09-29,google_product_001,Search,1333,0.12200196122780411,2.762337577672702,0.027007836365541757,0
2022-09-30,google_product_001,Search,1596,0.13670153246425468,4.869156064389273,0.04232786742940164,0
2022-10-01,google_product_001,Search,1206,0.12345591857919297,4.887290837266742,0.03243236022984074,0
2022-10-02,google_product_001,Search,1070,0.1448116182022973,3.2367138958214183,0.01810078295021447,0
2022-10-03,google_product_001,Search,1597,0.2013512544042703,4.037937835447602,0.05194592220513731,0
2022-10-04,google_product_001,Search,1783,0.10884296571205931,4.683328992811069,0.04958385819842043,0
2022-10-05,google_product_001,Search,1685,0.10159315806369776,3.7906861804206384,0.0405166097685108,0
2022-10-06,google_product_001,Search,1661,0.19413510982480825,5.072978047766012,0.04229074688205703,0
2022-10-07,google_product_001,Search,1314,0.143720289685444,6.363872494619361,0.05074318012715562,0
2022-10-08,google_product_001,Search,1256,0.1299278178402025,3.214013967365018,0.042243396567780825,0
2022-10-09,google_product_001,Search,1429,0.1811971406218823,2.618955396846225,0.04904017554761315,0
2022-10-10,google_product_001,Search,1853,0.13183153380789409,4.303818595604875,0.037025177991261496,0
2022-10-11,google_product_001,Search,28,0.20478029140640808,4.721562505126143,0.053119837385739464,1
2022-10-12,google_product_001,Search,2265,0.17033777614017806,3.769133626155231,0.04320785725932684,0
2022-10-13,google_product_001,Search,1291,0.13536265775562892,5.453260663321034,0.04194051943605874,0
2022-10-14,google_product_001,Search,1397,0.21471924639796508,2.661394200276751,0.027299389112879678,0
2022-10-15,google_product_001,Search,1388,0.13182855230989984,4.692918623031611,0.04286955854301709,0
2022-10-16,google_product_001,Search,1390,0.1722628611602792,3.3941391792411064,0.03168045082505549,0
2022-10-17,google_product_001,Search,1450,0.15897877741219474,5.7193779062072965,0.03361717273471506,0
2022-10-18,google_product_001,Search,1774,0.18905223868196394,5.992515353168118,0.03184624371683879,0
2022-10-19,google_product_001,Search,1781,0.19684533590180558,3.233343412216652,0.02933765068100775,0
2022-10-20,google_product_001,Search,1606,0.150960124471973,3.45044286409142,0.06124771403016961,0
2022-10-21,google_product_001,Search,1640,0.12739746388961448,4.859587886979802,0.053313390619884035,0
2022-10-22,google_product_001,Search,1385,0.16379916428817348,3.6128693502104854,0.05920367502144261,0
2022-10-23,google_product_001,Search,1240,0.12966853890743682,3.954588782067762,0.02777104980444436,0
2022-10-24,google_product_001,Search,1800,0.2104016174257987,4.02538842054241,0.04071253749910893,0
2022-10-25,google_product_001,Search,1923,0.15409605993248213,2.080326843802344,0.027064923747959043,0
2022-10-26,google_product_001,Search,2090,0.13904035346063673,3.986162253905763,0.03304305122802936,0
2022-10-27,google_product_001,Search,1898,0.15554040917594725,3.310272225935826,0.03081873016583425,0
2022-10-28,google_product_001,Search,1353,0.1095862113141091,3.506877177600228,0.05239584006441562,0
2022-10-29,google_product_001,Search,1252,0.12085157884468045,5.443632003468814,0.036037703218982406,0
2022-10-30,google_product_001,Search,1580,0.18601241723833276,2.7434931057207437,0.05068379333694016,0
2022-10-31,google_product_001,Search,1795,0.13029317163085813,4.813205186747977,0.04604120889588518,0
2022-11-01,google_product_001,Search,1911,0.11859267051954181,3.7210370696681916,0.0630363875210479,0
2022-11-02,google_product_001,Search,2005,0.16609958257581858,3.7202398315041654,0.02520555776860276,0
2022-11-03,google_product_001,Search,2083,0.1855711246398899,4.790371896051711,0.052592332397867994,0
2022-11-04,google_product_001,Search,3457,0.171568599319952,4.34005129456889,0.05146440870400728,1
2022-11-05,google_product_001,Search,1531,0.1798814305741745,4.570612997219531,0.030266211619729654,0
2022-11-06,google_product_001,Search,1448,0.12729614734291617,4.968184660532861,0.050071333364731595,0
2022-11-07,google_product_001,Search,1688,0.10734567999774469,3.668691616816677,0.04336144963026229,0
2022-11-08,google_product_001,Search,4194,0.1950400095586646,3.3877632654922496,0.037725237400465926,1
2022-11-09,google_product_001,Search,2207,0.14031960483473593,2.914849473442202,0.031760645130280006,0
2022-11-10,google_product_001,Search,2051,0.14247500950634856,3.174589470021045,0.03280890548550814,0
2022-11-11,google_product_001,Search,1898,0.18984582425547172,6.949094425308726,0.06049812095785927,0
2022-11-12,google_product_001,Search,1488,0.1666869002820198,5.244679580736786,0.04000682818957483,0
2022-11-13,google_product_001,Search,1688,0.16367663316244824,2.6489256337919787,0.047821300015314594,0
2022-11-14,google_product_001,Search,1734,0.2149500703470325,2.67754204325643,0.03209100618332447,0
2022-11-15,google_product_001,Search,2105,0.1306944530885957,4.481866061718492,0.03220147053778361,0
2022-11-16,google_product_001,Search,2082,0.17783520384243712,4.5472647973779665,0.050819848092499426,0
2022-11-17,google_product_001,Search,1974,0.15171039374691253,4.548883835317365,0.02650423788448468,0
2022-11-18,google_product_001,Search,1824,0.1580577683658977,3.7450442064463023,0.035847862320947284,0
2022-11-19,google_product_001,Search,1389,0.19585405279237594,3.8745457399971,0.04034027411072232,0
2022-11-20,google_product_001,Search,2039,0.1652350726886887,4.327879524159357,0.04111372601840053,0
2022-11-21,google_product_001,Search,1664,0.16614888237148898,4.085893006293331,0.03820906714983844,0
2022-11-22,google_product_001,Search,1867,0.18217522011929405,1.780699627252465,0.043958197810959235,0
2022-11-23,google_product_001,Search,2410,0.13905141811371344,3.7702003694248063,0.04692855755817812,0
2022-11-24,google_product_001,Search,2185,0.1248237099798298,3.148593565739686,0.047346375454593304,0
2022-11-25,google_product_001,Search,1902,0.11865572417936898,4.175211418908512,0.030141961913321733,0
2022-11-26,google_product_001,Search,1751,0.09100930231871995,6.98525900260341,0.037158449020712025,0
2022-11-27,google_product_001,Search,1692,0.21168621389820966,4.367481665474305,0.05194762861876938,0
2022-11-28,google_product_001,Search,1760,0.1169037490283495,3.686470313827602,0.04894647187573872,0
2022-11-29,google_product_001,Search,2200,0.14336239129242684,4.921801501977252,0.026271405485189362,0
2022-11-30,google_product_001,Search,2119,0.14169560100333237,4.482687887209213,0.043514799003522016,0
2022-12-01,google_product_001,Search,2298,0.15922220093427303,4.4200944904518416,0.0202177475062519,0
2022-12-02,google_product_001,Search,1824,0.1744721163761789,4.606850593215671,0.040469349020603694,0
2022-12-03,google_product_001,Search,1538,0.17581420465079237,6.056543564829541,0.05897767016745977,0
2022-12-04,google_product_001,Search,1708,0.13250767684293185,2.8691115646740846,0.03052107282731014,0
2022-12-05,google_product_001,Search,2100,0.14498634858640766,4.473632076811454,0.03165676954508418,0
2022-12-06,google_product_001,Search,2151,0.15847739851464898,3.0736188700184615,0.047640297815728594,0
2022-12-07,google_product_001,Search,2169,0.1425392662144936,4.555512646342248,0.02457198484790354,0
2022-12-08,google_product_001,Search,2231,0.19822036728059977,3.0813134885139055,0.03367244970114961,0
2022-12-09,google_product_001,Search,1983,0.16472924854914753,3.5826331863949155,0.04596441137581753,0
2022-12-10,google_product_001,Search,1682,0.17204633358149451,3.704910085762094,0.03365714152310597,0
2022-12-11,google_product_001,Search,1759,0.16988643806002238,4.975816719344709,0.03764030012789028,0
2022-12-12,google_product_001,Search,4146,0.18520421572455975,4.918454443942414,0.047441857103150346,1
2022-12-13,google_product_001,Search,2056,0.1554306467611112,2.7542826235536157,0.044215460835365615,0
2022-12-14,google_product_001,Search,634,0.1110950415613246,4.054934110999849,0.04266818396295402,1
2022-12-15,google_product_001,Search,2121,0.16199063855257925,3.2904201452508275,0.03660877720729962,0
2022-12-16,google_product_001,Search,1974,0.13045929318624513,2.7414950893246655,0.043700611152689556,0
2022-12-17,google_product_001,Search,1928,0.1341414995475073,3.7829829495756297,0.03876267319900244,0
2022-12-18,google_product_001,Search,2231,0.1675909205626528,3.69151721154418,0.04457805609925785,0
2022-12-19,google_product_001,Search,2354,0.18714849214300905,6.426716486345523,0.035030679748820216,0
2022-12-20,google_product_001,Search,2397,0.15063814730208183,4.4329598253606965,0.03817431025620459,0
2022-12-21,google_product_001,Search,2496,0.1592649903779689,2.622382499245763,0.03010042207447986,0
2022-12-22,google_product_001,Search,2149,0.20106644833905712,3.435225995829058,0.03964992389993764,0
2022-12-23,google_product_001,Search,2097,0.15722259538465705,5.021383295429398,0.03188999136371155,0
2022-12-24,google_product_001,Search,1893,0.22805049342541184,6.088442772869925,0.028859535498380065,0
2022-12-25,google_product_001,Search,2086,0.1669652893689463,2.4140166877620417,0.04258661147855388,0
2022-12-26,google_product_001,Search,2102,0.09717711722532546,2.120075614860955,0.0421273977585766,0
2022-12-27,google_product_001,Search,2619,0.17260024863313597,5.870965175371782,0.04782873734948573,0
2022-12-28,google_product_001,Search,2891,0.16143475154648332,4.389614177370904,0.03568874430424901,0
2022-12-29,google_product_001,Search,2413,0.18869258262248237,3.1317072681236335,0.04408052846836756,0
2022-12-30,google_product_001,Search,2267,0.17019544053809874,4.534629086122435,0.045507975722736634,0
2022-12-31,google_product_001,Search,2175,0.1458463204804868,1.3642522609831222,0.04444773807831595,0
2023-01-01,google_product_001,Search,2027,0.11327105291131903,4.003375506597161,0.031743463171978584,0
2023-01-02,google_product_001,Search,2399,0.14372930228141922,4.327821172843085,0.04149363482271189,0
2023-01-03,google_product_001,Search,2603,0.12448438637372099,4.92427013953783,0.04364140296054662,0
2023-01-04,google_product_001,Search,2690,0.13258429650585832,2.986104047707462,0.04007178466907942,0
2023-01-05,google_product_001,Search,2366,0.1676573521326183,4.085687161403359,0.019135223416289152,0
2023-01-06,google_product_001,Search,2277,0.20009713513054217,3.0745753739404127,0.041604896239734804,0
2023-01-07,google_product_001,Search,2222,0.16184014589468942,4.255383755674317,0.06212531039397243,0
2023-01-08,google_product_001,Search,2483,0.11412350813894447,3.1046536776369758,0.03639960731243017,0
2023-01-09,google_product_001,Search,2631,0.16333808004660422,3.5918991608397794,0.03271922902144679,0
2023-01-10,google_product_001,Search,3117,0.18589894459936954,3.0041846052097707,0.043733485597113986,0
2023-01-11,google_product_001,Search,2602,0.13170651287041854,4.651136241823657,0.04312378210466572,0
2023-01-12,google_product_001,Search,2780,0.14597948499981248,4.858451116656665,0.05192735165416414,0
2023-01-13,google_product_001,Search,2394,0.15044064584187591,3.7653794300425862,0.02742131844091112,0
2023-01-14,google_product_001,Search,2645,0.12645305060753279,4.038237994960029,0.047313802525749925,0
2023-01-15,google_product_001,Search,2115,0.16944841301531577,2.551408585366456,0.04590422061251463,0
2023-01-16,google_product_001,Search,2356,0.14637155554176653,3.700323351993213,0.03857853463059454,0
2023-01-17,google_product_001,Search,2650,0.16258597331721084,3.9497953829582553,0.0433868731792169,0
2023-01-18,google_product_001,Search,2415,0.123375234665937,6.6207930910299755,0.050294574815983574,0
2023-01-19,google_product_001,Search,2584,0.13687625099029768,2.8880329742258364,0.048723153800284504,0
2023-01-20,google_product_001,Search,2289,0.17167144073483315,5.464177238752438,0.028569806879262714,0
2023-01-21,google_product_001,Search,2320,0.13881500543724698,4.996858773465808,0.04820158186755485,0
2023-01-22,google_product_001,Search,2428,0.20180891553700214,4.280636404490137,0.03935311394967481,0
2023-01-23,google_product_001,Search,2981,0.13801091443156194,5.758620484195133,0.04072874098015516,0
2023-01-24,google_product_001,Search,3042,0.15674054177255659,4.372105472606863,0.040731969910016944,0
2023-01-25,google_product_001,Search,2806,0.17797772495619268,4.389159195667928,0.038497570112017404,0
2023-01-26,google_product_001,Search,2591,0.10744902801200905,3.946879346982455,0.05191707497107065,0
2023-01-27,google_product_001,Search,2620,0.09717573564057672,5.223568882418627,0.03916282040150788,0
2023-01-28,google_product_001,Search,2107,0.10423031056289715,5.0964692338108835,0.028804538716168313,0
2023-01-29,google_product_001,Search,2806,0.18787752310281547,3.374322712503788,0.036064701440302716,0
2023-01-30,google_product_001,Search,2922,0.1334442556232266,2.680752805401233,0.04178694716810476,0
2023-01-31,google_product_001,Search,2837,0.22674597857004758,3.7970193626043427,0.0522921478429705,0
2023-02-01,google_product_001,Search,2658,0.13307257204027834,3.1999614356023534,0.04603094684948834,0
2023-02-02,google_product_001,Search,3120,0.1555365390959111,3.936475425384645,0.031494647212529564,0
2023-02-03,google_product_001,Search,2577,0.19626329857703625,5.237438134684139,0.06485189916678892,0
2023-02-04,google_product_001,Search,2695,0.2101827866447737,3.54269834491321,0.0426477531097798,0
2023-02-05,google_product_001,Search,2198,0.21184510729909192,3.957176618688425,0.05275390737999015,0
2023-02-06,google_product_001,Search,2642,0.18625098691779426,4.058022734808395,0.03848285566422771,0
2023-02-07,google_product_001,Search,3008,0.18072187577434387,4.848430882205284,0.0453335924470545,0
2023-02-08,google_product_001,Search,3085,0.1677758084760355,1.7531106660153948,0.04839468504518405,0
2023-02-09,google_product_001,Search,2833,0.17335083228499912,3.3932997052347034,0.05218194711754256,0
2023-02-10,google_product_001,Search,2798,0.133464428510144,4.211283692279473,0.05057368305378225,0
2023-02-11,google_product_001,Search,2307,0.12545403349733078,5.200078956426861,0.04872197000072978,0
2023-02-12,google_product_001,Search,2560,0.14989876627767143,3.508097552493795,0.036849132688058915,0
2023-02-13,google_product_001,Search,2857,0.14489446132425216,2.123447293958126,0.034282539580439385,0
2023-02-14,google_product_001,Search,3181,0.13640315852018173,4.619711445966137,0.043326075103241976,0
2023-02-15,google_product_001,Search,3288,0.17089162342370146,3.3646376111743708,0.0493312807234107,0
2023-02-16,google_product_001,Search,2768,0.17865915625711531,2.8103333409096387,0.03777279299223393,0
2023-02-17,google_product_001,Search,2435,0.15265220658875542,3.3756546102867757,0.050651719657143865,0
2023-02-18,google_product_001,Search,2845,0.19432590243165784,3.8154746423441503,0.054526167454861794,0
2023-02-19,google_product_001,Search,2723,0.11574932657599485,3.3952553354617874,0.030836790809265803,0
2023-02-20,google_product_001,Search,2750,0.14419021622160846,1.7944339429009308,0.031630792962037205,0
2023-02-21,google_product_001,Search,3454,0.12849533038191585,4.897066196887132,0.03859624941094664,0
2023-02-22,google_product_001,Search,3234,0.0940039014878082,5.274875041278722,0.043076126681891966,0
2023-02-23,google_product_001,Search,3293,0.14751957942471902,4.651521991339505,0.03475432986232949,0
2023-02-24,google_product_001,Search,2819,0.1463475747485015,2.8623143295751836,0.05352202678867145,0
2023-02-25,google_product_001,Search,1564,0.19540349229726392,3.798508466052482,0.04424066861518451,1
2023-02-26,google_product_001,Search,3070,0.16892435053664331,3.993478684770542,0.040394470482407394,0
2023-02-27,google_product_001,Search,2912,0.11927439527012385,4.598794389561911,0.025640904761314726,0
2023-02-28,google_product_001,Search,3398,0.20562277699002562,4.668340488718081,0.026841841835724932,0
2023-03-01,google_product_001,Search,3399,0.1866310108657606,3.265826201221504,0.042810092502818066,0
2023-03-02,google_product_001,Search,3390,0.16746293110405847,4.081995556413561,0.018674043738451638,0
2023-03-03,google_product_001,Search,2670,0.14320547703450504,4.457280404615241,0.05012637409644072,0
2023-03-04,google_product_001,Search,2846,0.1212168228982956,5.4558223221467665,0.038418461556276796,0
2023-03-05,google_product_001,Search,2986,0.1388337967178684,4.704506539824723,0.07243092969594733,0
2023-03-06,google_product_001,Search,2665,0.18266245859112556,4.789056687375519,0.06307916250616111,0
2023-03-07,google_product_001,Search,3022,0.20653758917803827,4.083826627929361,0.03818550930752483,0
2023-03-08,google_product_001,Search,2916,0.19629730584816565,5.410459145203504,0.03893662997468685,0
2023-03-09,google_product_001,Search,3114,0.13533451734641178,4.409762795959497,0.0499558151400203,0
2023-03-10,google_product_001,Search,3058,0.11641147700132966,3.1389120898264293,0.05703172609918038,0
2023-03-11,google_product_001,Search,3060,0.1542265874073361,5.4033699701251905,0.02361970942563983,0
2023-03-12,google_product_001,Search,2839,0.09694681903311445,4.697903272539028,0.022136245346453136,0
2023-03-13,google_product_001,Search,3391,0.15969503142554345,3.5569559788715175,0.03377965194445619,0
2023-03-14,google_product_001,Search,3030,0.14557192241103994,3.5205070326007566,0.04582737583173865,0
2023-03-15,google_product_001,Search,3029,0.13601890494395272,4.296575545140762,0.04496873590507597,0
2023-03-16,google_product_001,Search,3203,0.10215890798199613,4.463184795267585,0.0506977145498385,0
2023-03-17,google_product_001,Search,3036,0.16540800319709148,4.197292265631207,0.02800302471634692,0
2023-03-18,google_product_001,Search,2796,0.13401897481014266,4.311308673442885,0.016838561370311235,0
2023-03-19,google_product_001,Search,2453,0.11490249492869135,5.69995737457638,0.048580141953021454,0
2023-03-20,google_product_001,Search,3089,0.06383213360155052,5.071543152234886,0.03171803727034765,0
2023-03-21,google_product_001,Search,3086,0.1491745528484809,4.190635591265024,0.019815121356113623,0
2023-03-22,google_product_001,Search,3544,0.2031675479000923,4.9413105807674835,0.04145063745959382,0
2023-03-23,google_product_001,Search,3326,0.19983777643643608,2.9674760964724607,0.047931756882186774,0
2023-03-24,google_product_001,Search,2809,0.13628711230241183,4.397927049946809,0.038779428678787226,0
2023-03-25,google_product_001,Search,2737,0.13193363818914658,5.80930634973311,0.03542151613817511,0
2023-03-26,google_product_001,Search,2690,0.1640632276822507,3.7819541046076264,0.03840637767854094,0
2023-03-27,google_product_001,Search,3129,0.12004843682435125,3.152366071380915,0.036294172375992174,0
2023-03-28,google_product_001,Search,3571,0.15905375699458396,3.3479111114069395,0.02651952888059833,0
2023-03-29,google_product_001,Search,3245,0.17298240835154072,2.9103669626576116,0.03285319323009568,0
2023-03-30,google_product_001,Search,3385,0.18680799671652923,3.2152380918722967,0.04521279905013815,0
2023-03-31,google_product_001,Search,2922,0.14699537770560142,3.629491901409971,0.043216785413765,0
2023-04-01,google_product_001,Search,2711,0.14388978749469103,2.5944329808213578,0.0416805980596682,0
2023-04-02,google_product_001,Search,2909,0.12366052239730316,4.015618333949603,0.030048515181466208,0
2023-04-03,google_product_001,Search,2962,0.1251935893788042,4.902277173786647,0.03818496837864333,0
2023-04-04,google_product_001,Search,3296,0.14320563324295418,3.0922438198530795,0.018229349535571454,0
2023-04-05,google_product_001,Search,3228,0.16102096520448533,5.519283923641769,0.0417847666388539,0
2023-04-06,google_product_001,Search,3701,0.17740753878699747,4.5107920885275945,0.054288577078135676,0
2023-04-07,google_product_001,Search,3058,0.12590463147958963,5.030580585624057,0.02525867867957894,0
2023-04-08,google_product_001,Search,2751,0.19478065706878564,3.342165446147863,0.03414072326682245,0
2023-04-09,google_product_001,Search,2995,0.14186629196872294,4.854525227066616,0.043291067787101296,0
2023-04-10,google_product_001,Search,3166,0.1493589811695469,2.908066099604687,0.052528426344274834,0
2023-04-11,google_product_001,Search,3381,0.1275836496255653,4.890247500836509,0.035517753836998504,0
2023-04-12,google_product_001,Search,3609,0.07727279219181175,4.171839339793531,0.03307749670734104,0
2023-04-13,google_product_001,Search,3477,0.17652136189083148,4.553251219984784,0.020310768575839168,0
2023-04-14,google_product_001,Search,2961,0.172105316912773,2.824405394375148,0.04103438129308107,0
2023-04-15,google_product_001,Search,2791,0.1415601732864536,3.104930157723395,0.06042076040143744,0
2023-04-16,google_product_001,Search,2911,0.15200972151674616,4.597228218253385,0.04277358461964676,0
2023-04-17,google_product_001,Search,2741,0.16547817653112298,3.0516519957757993,0.03977721020816287,0
2023-04-18,google_product_001,Search,3135,0.10312362429340372,4.463206292099123,0.04322082310766986,0
2023-04-19,google_product_001,Search,3770,0.13412841967961114,2.6328621935397543,0.03988907996051398,0
2023-04-20,google_product_001,Search,3664,0.17382794038865482,4.8481742126666685,0.0318698562773987,0
2023-04-21,google_product_001,Search,3026,0.11237131730492252,2.767476685231491,0.048232799156777056,0
2023-04-22,google_product_001,Search,3030,0.15880673796499886,4.552299937679523,0.04225761523111755,0
2023-04-23,google_product_001,Search,3035,0.10930254586129784,4.625630933646001,0.04017613251933658,0
2023-04-24,google_product_001,Search,3824,0.16399289947300577,3.303228181570425,0.0302463397272175,0
2023-04-25,google_product_001,Search,3667,0.1489307555310755,4.582026567084727,0.05303507931934759,0
2023-04-26,google_product_001,Search,5475,0.10154604552283472,4.260442263333556,0.0466470274533311,1
2023-04-27,google_product_001,Search,3147,0.18494218063371515,3.461158143807262,0.03447079162632698,0
2023-04-28,google_product_001,Search,2757,0.12796225269605851,2.9914453159237917,0.050018248536819375,0
2023-04-29,google_product_001,Search,2956,0.12569242688956855,2.037374308327421,0.03502429161614793,0
2023-04-30,google_product_001,Search,2822,0.1560170759169283,4.3496500472996935,0.03217996507488963,0
2023-05-01,google_product_001,Search,2923,0.18445912048286145,2.4351972286379446,0.03240296882519713,0
2023-05-02,google_product_001,Search,3312,0.11952534543064809,4.095344199441308,0.02228931446911909,0
2023-05-03,google_product_001,Search,3282,0.15185039549543913,3.7365517839177507,0.04471542380418206,0
2023-05-04,google_product_001,Search,3672,0.16286449500991718,4.679142775438195,0.0216885512166165,0
2023-05-05,google_product_001,Search,3250,0.1707931682178943,3.6979545005101357,0.027715561687342374,0
2023-05-06,google_product_001,Search,2909,0.15529324665831676,3.6705522136529085,0.01924411990921467,0
2023-05-07,google_product_001,Search,3263,0.13898916482750032,4.731870704288296,0.03913930307209107,0
2023-05-08,google_product_001,Search,3215,0.1251722933805384,4.335058029084117,0.03849679539728128,0
2023-05-09,google_product_001,Search,3261,0.15258431649139123,4.316155957182779,0.03673303786813636,0
2023-05-10,google_product_001,Search,3794,0.1178358296404318,4.469267589808526,0.029574223053294237,0
2023-05-11,google_product_001,Search,3433,0.06235948549516178,2.464427876792894,0.0282776624656336,0
2023-05-12,google_product_001,Search,2856,0.16309679412473002,4.756788679986982,0.044643698635465745,0
2023-05-13,google_product_001,Search,2861,0.17711804523258584,4.612468794013602,0.03449448068291512,0
2023-05-14,google_product_001,Search,2780,0.07911202693374485,2.9833168714235025,0.04316358321536145,0
2023-05-15,google_product_001,Search,1411,0.11970807885870187,3.7559195263257985,0.031147513138757778,1
2023-05-16,google_product_001,Search,3605,0.16857462783015592,3.960692712372369,0.04181062742771082,0
2023-05-17,google_product_001,Search,3857,0.21172486409135094,3.865503215598267,0.053032780373160636,0
2023-05-18,google_product_001,Search,3030,0.15062381123026222,4.333859966568535,0.04586165800392784,0
2023-05-19,google_product_001,Search,3160,0.12815991176312597,5.4313667818311835,0.0358758618178352,0
2023-05-20,google_product_001,Search,2752,0.1445131067668548,5.081766727672829,0.04257198970355927,0
2023-05-21,google_product_001,Search,2840,0.19124629257444553,2.6877808065685937,0.03759334825469787,0
2023-05-22,google_product_001,Search,3050,0.13062107462626393,4.6220699903060485,0.04007880184694728,0
2023-05-23,google_product_001,Search,3228,0.12602423980049238,5.32893331953541,0.036743889478514966,0
2023-05-24,google_product_001,Search,3465,0.13551769433453903,4.386808520689202,0.038356647941146085,0
2023-05-25,google_product_001,Search,3124,0.12140014175223862,5.0909804251859665,0.042120933530741755,0
2023-05-26,google_product_001,Search,3080,0.15368010947984387,6.012270445700765,0.030066413004180496,0
2023-05-27,google_product_001,Search,2851,0.1987403537540868,5.023709546106981,0.029841211730100216,0
2023-05-28,google_product_001,Search,2867,0.15969237819348087,4.249308595641729,0.02611457446168789,0
2023-05-29,google_product_001,Search,2965,0.14242939493621137,5.0450884740847535,0.023997288954962902,0
2023-05-30,google_product_001,Search,3262,0.14124566193253368,4.144887833096891,0.027827173077795204,0
2023-05-31,google_product_001,Search,3582,0.10310427573910028,4.023903043284956,0.04159462506804129,0
2023-06-01,google_product_001,Search,3365,0.17649329331441477,3.6485857642862674,0.031072124845081157,0
2023-06-02,google_product_001,Search,2806,0.14766488408961592,5.563413358832108,0.045136144642310964,0
2023-06-03,google_product_001,Search,2855,0.14458560259228123,3.1815713340579985,0.04034713748752562,0
2023-06-04,google_product_001,Search,3039,0.2457932270353458,5.5323677246781156,0.020314957865619463,0
2023-06-05,google_product_001,Search,2785,0.1589625872509706,4.499864123740371,0.0465497558422169,0
2023-06-06,google_product_001,Search,3458,0.12744626849714447,2.6006938251980585,0.0481079864559171,0
2023-06-07,google_product_001,Search,3271,0.13720927211383369,4.3676492929914215,0.030061373251651466,0
2023-06-08,google_product_001,Search,3351,0.18445337127590264,1.899973492348376,0.04420191542894992,0
2023-06-09,google_product_001,Search,2820,0.15339811231613293,4.625508016831036,0.03143501762590801,0
2023-06-10,google_product_001,Search,2445,0.10685166065047899,4.885231482988991,0.04097670376748336,0
2023-06-11,google_product_001,Search,2534,0.17757686803725609,3.4076440443479465,0.027355015930450345,0
2023-06-12,google_product_001,Search,3099,0.12995567743383019,4.123547695955582,0.022068935474654234,0
2023-06-13,google_product_001,Search,3371,0.20619893328652636,5.954157433750286,0.03617182810387031,0
2023-06-14,google_product_001,Search,3192,0.18240144197143945,3.4942532957380634,0.03876271053725164,0
2023-06-15,google_product_001,Search,3334,0.13658034313023745,2.9410924129433997,0.03602320306385396,0
2023-06-16,google_product_001,Search,2609,0.18843049085205338,5.4816634024625985,0.028159694417774404,0
2023-06-17,google_product_001,Search,2761,0.1520356653158221,5.962587190530795,0.03600100937868863,0
2023-06-18,google_product_001,Search,2585,0.17558321025366658,4.003695671847847,0.04269294752580734,0
2023-06-19,google_product_001,Search,2927,0.16454198451883423,5.011463035408356,0.03955106969877463,0
2023-06-20,google_product_001,Search,3296,0.12460930035027379,5.341475915530881,0.04182501030599214,0
2023-06-21,google_product_001,Search,3168,0.13069350503047614,3.2575157674616158,0.033298847995457674,0
2023-06-22,google_product_001,Search,3096,0.18089882452743483,3.5146941646321315,0.0517171791471616,0
2023-06-23,google_product_001,Search,3109,0.13995674003680378,5.230874513154735,0.028238266634452194,0
2023-06-24,google_product_001,Search,2625,0.1378905461027401,5.685014278708509,0.044875602970867186,0
2023-06-25,google_product_001,Search,2961,0.12134632261951941,4.562880860174355,0.051818910929599615,0
2023-06-26,google_product_001,Search,2797,0.16270797196780382,3.1201856464979456,0.044809080927488955,0
2023-06-27,google_product_001,Search,3359,0.21187574757729433,5.987061111699441,0.0379747577293517,0
2023-06-28,google_product_001,Search,3594,0.1179740125723718,3.4690291021880357,0.034717029533370206,0
2023-06-29,google_product_001,Search,2644,0.15072658370018274,3.6648622188285485,0.05036087651046256,0
2023-06-30,google_product_001,Search,2714,0.19236661666246285,4.342337834489621,0.025770250747383268,0
2023-07-01,google_product_001,Search,2821,0.14761075826262854,5.554160420714775,0.030298757396203566,0
2023-07-02,google_product_001,Search,2718,0.16357115388749202,4.853975976552224,0.03602442234508279,0
2023-07-03,google_product_001,Search,3063,0.11812819415559361,4.414865500361911,0.05237653757511998,0
2023-07-04,google_product_001,Search,3097,0.16284921291622945,4.463288530118106,0.04379767636040896,0
2023-07-05,google_product_001,Search,3288,0.14438567204986352,4.043514668643466,0.030319542414897545,0
2023-07-06,google_product_001,Search,3073,0.17957189987039587,4.558139514518507,0.03689692294615096,0
2023-07-07,google_product_001,Search,3072,0.18562158154694253,1.470439922305697,0.033856768559037055,0
2023-07-08,google_product_001,Search,2722,0.2276869092605584,3.7033925409302015,0.03290211007766465,0
2023-07-09,google_product_001,Search,2792,0.16738899519640726,4.2413219349167814,0.049788895585567795,0
2023-07-10,google_product_001,Search,2872,0.159773889497465,2.848985916380493,0.026282568707364944,0
2023-07-11,google_product_001,Search,3086,0.15583152904732006,4.38632331781156,0.05608780855734374,0
2023-07-12,google_product_001,Search,3150,0.13940501121567933,3.7955287790138783,0.048282296901846225,0
2023-07-13,google_product_001,Search,3149,0.16015451530385072,5.7554756983154896,0.05090861670603698,0
2023-07-14,google_product_001,Search,2720,0.14113795769582912,5.573019725214857,0.03537060487974742,0
2023-07-15,google_product_001,Search,2695,0.15505382928808842,3.534194430881837,0.03850059280920891,0
2023-07-16,google_product_001,Search,3106,0.1895279260682388,3.8491622884333045,0.02566848185475288,0
2023-07-17,google_product_001,Search,3095,0.11980372304161076,3.9260524343916074,0.03475337592933197,0
2023-07-18,google_product_001,Search,3085,0.18419635683387137,3.5483405238403773,0.04493654847643151,0
2023-07-19,google_product_001,Search,3444,0.18951345202019595,4.195024984028127,0.05296063061781396,0
2023-07-20,google_product_001,Search,2955,0.14645794419026764,3.24171793111241,0.028928431831975486,0
2023-07-21,google_product_001,Search,2365,0.08634435302974217,2.8693846650624737,0.03634494063014734,0
2023-07-22,google_product_001,Search,2404,0.13176534038716703,4.622711223900269,0.03848700779767478,0
2023-07-23,google_product_001,Search,2285,0.18890983639683329,4.629529584221811,0.02604210797807515,0
2023-07-24,google_product_001,Search,2819,0.14931395813103354,3.1956842403400074,0.045913492417584,0
2023-07-25,google_product_001,Search,3123,0.12002093303115267,4.895355430762599,0.03276009668257391,0
2023-07-26,google_product_001,Search,3508,0.13485675236315348,3.3684222708346687,0.038046096488229764,0
2023-07-27,google_product_001,Search,3072,0.17521860079513657,4.253165238037981,0.03548050628088122,0
2023-07-28,google_product_001,Search,2698,0.16640200704604138,4.820344012612456,0.03210661494280326,0
2023-07-29,google_product_001,Search,2742,0.14283203702490915,3.966387435296287,0.039929550145194455,0
2023-07-30,google_product_001,Search,2188,0.13899526764555936,4.454740912141134,0.037843904214319775,0
2023-07-31,google_product_001,Search,2908,0.13824725552868533,3.4835703561124283,0.03628142117721334,0
2023-08-01,google_product_001,Search,3245,0.12232769446504492,3.803533416571903,0.03271538378319657,0
2023-08-02,google_product_001,Search,2850,0.19846127068408326,3.7941405691196595,0.04319524670782955,0
2023-08-03,google_product_001,Search,3208,0.1403303859236598,3.2534216534597613,0.05653617268492285,0
2023-08-04,google_product_001,Search,2783,0.18651475562476488,3.823225836884218,0.041398872328391276,0
2023-08-05,google_product_001,Search,2467,0.19563948155767352,2.4513817011362535,0.04996118214911129,0
2023-08-06,google_product_001,Search,2731,0.1799493269444388,3.508846252857895,0.026097780748465374,0
2023-08-07,google_product_001,Search,3289,0.13705139061845856,3.715124506630329,0.041577614392937695,0
2023-08-08,google_product_001,Search,3103,0.1621119027100983,3.74382024750462,0.029026316810289336,0
2023-08-09,google_product_001,Search,3171,0.1492741318082725,3.758502554129221,0.025230750724680985,0
2023-08-10,google_product_001,Search,2864,0.12288894417809615,3.938235800139871,0.03260628592540964,0
2023-08-11,google_product_001,Search,2523,0.15973077845164807,4.479441518086064,0.05191899334413573,0
2023-08-12,google_product_001,Search,2693,0.11462880626520591,4.874517074132522,0.04950015828669646,0
2023-08-13,google_product_001,Search,2411,0.1856303816538469,3.350234773151733,0.042430047220544,0
2023-08-14,google_product_001,Search,2829,0.1360614810810482,2.7967991446108558,0.02467299440110069,0
2023-08-15,google_product_001,Search,2951,0.15603478967618517,2.957955587756897,0.038037193486120634,0
2023-08-16,google_product_001,Search,3198,0.15849863614638426,3.5127970788050726,0.043017000089017356,0
2023-08-17,google_product_001,Search,3004,0.14223285078887768,3.648078682183491,0.04175536229578598,0
2023-08-18,google_product_001,Search,2882,0.16760081404425825,3.230003933802543,0.021562064165192543,0
2023-08-19,google_product_001,Search,2408,0.13575289030132426,2.7038833357501053,0.031096821519801282,0
2023-08-20,google_product_001,Search,2512,0.17613891892371733,3.543879172525812,0.03935922235851284,0
2023-08-21,google_product_001,Search,2603,0.10962060959259753,4.181426620113971,0.0453629090951719,0
2023-08-22,google_product_001,Search,2942,0.15379138738639234,4.595029465835565,0.018038721789000536,0
2023-08-23,google_product_001,Search,3163,0.20816786997174852,3.4425769468916787,0.03837876024520142,0
2023-08-24,google_product_001,Search,3075,0.11999006026183276,3.587002177856566,0.04143048769878952,0
2023-08-25,google_product_001,Search,2477,0.12966765088425444,3.073301691152689,0.04849611988516213,0
2023-08-26,google_product_001,Search,2672,0.16541723548976744,3.9685608296252237,0.046928575842374365,0
2023-08-27,google_product_001,Search,2826,0.15538745345818794,3.1515713658091853,0.04582571318808805,0
2023-08-28,google_product_001,Search,2871,0.16051890297820676,4.5731278132412,0.03200059493298066,0
2023-08-29,google_product_001,Search,3397,0.1646756139044299,2.214133508065889,0.020919978628766926,0
2023-08-30,google_product_001,Search,2924,0.1690416440568531,3.6403703275475374,0.03606947242938599,0
2023-08-31,google_product_001,Search,2667,0.1832909952586867,4.301107339191742,0.0500163182520856,0
2023-09-01,google_product_001,Search,2299,0.16229455970785536,4.183834516322504,0.053934545275244314,0
2023-09-02,google_product_001,Search,2791,0.14276227036144373,6.693033663980497,0.047105491022977855,0
2023-09-03,google_product_001,Search,2680,0.17017721103608194,4.349800024567908,0.04429340822801735,0
2023-09-04,google_product_001,Search,2772,0.20699645804685646,2.9959454031579895,0.043796396483859655,0
2023-09-05,google_product_001,Search,3074,0.14602098760852278,3.904535752910927,0.0344388125323922,0
2023-09-06,google_product_001,Search,2851,0.12076412085988075,2.2237536665335482,0.0386993970644638,0
2023-09-07,google_product_001,Search,3403,0.18321242007860916,3.919400250703239,0.05669069525826331,0
2023-09-08,google_product_001,Search,2680,0.14638856508139206,3.166943942999241,0.030574419942081238,0
2023-09-09,google_product_001,Search,2514,0.08481991361957891,4.915390275560162,0.05614778790709851,0
2023-09-10,google_product_001,Search,2696,0.17542265031451265,3.450459725404465,0.036779718455079415,0
2023-09-11,google_product_001,Search,2882,0.13394015442138232,3.8832340842047532,0.05325432109095078,0
2023-09-12,google_product_001,Search,3066,0.14728400153087517,3.3644421585955966,0.025931849905024618,0
2023-09-13,google_product_001,Search,2922,0.15995940991707042,5.738851351853331,0.04585904201164649,0
2023-09-14,google_product_001,Search,3013,0.155714990393372,3.6787572338820884,0.032632298640523784,0
2023-09-15,google_product_001,Search,3036,0.17128355451417118,5.832557043479202,0.025847328080758125,0
2023-09-16,google_product_001,Search,2768,0.1369354088829047,4.814151762118266,0.04218534042410946,0
2023-09-17,google_product_001,Search,2877,0.16539317394528247,4.482066727335386,0.05009471788595969,0
2023-09-18,google_product_001,Search,2692,0.14221359967248248,4.36873314731752,0.03155058561406504,0
2023-09-19,google_product_001,Search,2833,0.17216431442662508,4.393797298216252,0.02500984039541599,0
2023-09-20,google_product_001,Search,3066,0.1684610245203916,2.07232742065439,0.03908155235665045,0
2023-09-21,google_product_001,Search,2942,0.12193683893866214,3.7211166058492435,0.03912564671222819,0
2023-09-22,google_product_001,Search,2892,0.18257946348525095,4.845157971184322,0.045483196275544986,0
2023-09-23,google_product_001,Search,2174,0.13392109664657856,3.9511028165258946,0.049495945713644886,0
2023-09-24,google_product_001,Search,2879,0.17424173394843434,2.594810153196425,0.03940584818727506,0
2023-09-25,google_product_001,Search,2779,0.1610186194020402,3.9475955494225303,0.05855503314794263,0
2023-09-26,google_product_001,Search,2963,0.20514551030385367,5.704105516255491,0.04224234744535292,0
2023-09-27,google_product_001,Search,2907,0.14329602052884444,5.246891715534719,0.03653573493993101,0
2023-09-28,google_product_001,Search,2619,0.13952049611645406,3.937995990633968,0.023884326408971722,0
2023-09-29,google_product_001,Search,2857,0.149417411823368,4.951449277058087,0.03737340479683832,0
2023-09-30,google_product_001,Search,2549,0.14090460651497172,3.6334929796319484,0.036636130545888636,0
2023-10-01,google_product_001,Search,2338,0.1739982570582615,2.296128413173281,0.04960304796281471,0
2023-10-02,google_product_001,Search,2575,0.10151068174690236,3.0755340118704457,0.04462483624066854,0
2023-10-03,google_product_001,Search,3005,0.11838952742560938,5.562888768508198,0.028206308783673827,0
2023-10-04,google_product_001,Search,3468,0.1179659123526242,3.726006918170696,0.041722543864110374,0
2023-10-05,google_product_001,Search,2924,0.17850922775920727,3.756616020624982,0.046715311717290535,0
2023-10-06,google_product_001,Search,2420,0.20131840117745775,3.7001618037251194,0.055280313593878326,0
2023-10-07,google_product_001,Search,2513,0.14686652344387585,5.904136589573007,0.04887503967414059,0
2023-10-08,google_product_001,Search,2570,0.1449353483042997,5.625958915362063,0.04760846654311478,0
2023-10-09,google_product_001,Search,2325,0.15210156489339544,6.218780233448134,0.04060085994615164,0
2023-10-10,google_product_001,Search,3093,0.18485634907824572,3.8409547895999485,0.043883120054234497,0
2023-10-11,google_product_001,Search,3121,0.12217940597428277,4.295624488747095,0.05249504900706159,0
2023-10-12,google_product_001,Search,3149,0.15715106948204355,2.483357450579209,0.026672226025203503,0
2023-10-13,google_product_001,Search,3125,0.1792559288934729,5.476934426118275,0.036505606727830445,0
2023-10-14,google_product_001,Search,2823,0.16503282509819536,2.8322204487320652,0.03227431251243759,0
2023-10-15,google_product_001,Search,2608,0.1556874484979623,4.216775563762629,0.04379153118726124,0
2023-10-16,google_product_001,Search,2681,0.18003138277701422,2.902697472367156,0.05230222175650788,0
2023-10-17,google_product_001,Search,3657,0.06890303121002288,3.411133173261304,0.03403025713278926,0
2023-10-18,google_product_001,Search,3218,0.1703362595859272,3.1627375689502997,0.016096956325305622,0
2023-10-19,google_product_001,Search,3053,0.1303777295061773,3.3921247393241822,0.0358777925497553,0
2023-10-20,google_product_001,Search,2792,0.09508101309430629,3.4608772968510215,0.049134737320174066,0
2023-10-21,google_product_001,Search,2680,0.16533607798574942,3.451731205074923,0.0453762990294988,0
2023-10-22,google_product_001,Search,2676,0.19120975635488874,4.833333911780307,0.04428186247810576,0
2023-10-23,google_product_001,Search,2832,0.14587654456116925,2.8951372069374797,0.037200066981255206,0
2023-10-24,google_product_001,Search,3079,0.17858623641608817,4.220541427013867,0.027209692637802138,0
2023-10-25,google_product_001,Search,3247,0.19836834773965936,5.217959152305559,0.045152943216244676,0
2023-10-26,google_product_001,Search,2989,0.18944743360752142,3.486803635486604,0.031657181899653754,0
2023-10-27,google_product_001,Search,2703,0.1991989358811418,3.282081109252398,0.061840967333804564,0
2023-10-28,google_product_001,Search,2712,0.17226382473215676,3.7694753748197494,0.04570507208354516,0
2023-10-29,google_product_001,Search,2705,0.15226300916704777,5.17972520836071,0.03419351697446049,0
2023-10-30,google_product_001,Search,3299,0.10194102564308494,4.194107630953358,0.03388614752611372,0
2023-10-31,google_product_001,Search,2710,0.14261812535610155,3.4687857053924014,0.03907055793386412,0
2023-11-01,google_product_001,Search,3525,0.12470260214051425,4.48387665118804,0.037604980779782506,0
2023-11-02,google_product_001,Search,3401,0.2151282815249344,2.8977078501635765,0.05116833775529954,0
2023-11-03,google_product_001,Search,2485,0.1447234256270299,4.681359510442948,0.04186416169744046,0
2023-11-04,google_product_001,Search,2678,0.15369614420353456,4.408607307701768,0.03268368261091472,0
2023-11-05,google_product_001,Search,2738,0.16654456128121403,3.692191528861116,0.05890440685155783,0
2023-11-06,google_product_001,Search,2774,0.1513080733911736,3.161414201552769,0.040493083315202225,0
2023-11-07,google_product_001,Search,3144,0.2008515312129226,3.1133190777165427,0.04768839675968897,0
2023-11-08,google_product_001,Search,3144,0.13132051914796644,4.5348173363459106,0.03391773492555241,0
2023-11-09,google_product_001,Search,3563,0.15583822365711728,5.228980502489062,0.04363115627744524,0
2023-11-10,google_product_001,Search,3148,0.12772588242905855,3.3626922529712053,0.04311109991143195,0
2023-11-11,google_product_001,Search,3063,0.11039932466337882,4.458386703551485,0.02110350707903847,0
2023-11-12,google_product_001,Search,3020,0.13164692727284144,1.9129729813979313,0.0601527511046064,0
2023-11-13,google_product_001,Search,2894,0.14888889608854763,3.4153822693428006,0.05290644460922547,0
2023-11-14,google_product_001,Search,3259,0.1371209332644822,3.968941067129098,0.03602804683854013,0
2023-11-15,google_product_001,Search,3529,0.1292273706037843,3.0903165830181663,0.028977302595441446,0
2023-11-16,google_product_001,Search,3034,0.10781047608984498,3.063493625210404,0.04347561613803552,0
2023-11-17,google_product_001,Search,3171,0.14750683282113916,3.3322204435311136,0.04086697699414397,0
2023-11-18,google_product_001,Search,2828,0.10485838877906993,4.292192728326373,0.043556689485632294,0
2023-11-19,google_product_001,Search,2869,0.17280167891068807,3.8126709815936253,0.0419157739619409,0
2023-11-20,google_product_001,Search,3331,0.1524731925880351,1.761768766675028,0.04506240989305926,0
2023-11-21,google_product_001,Search,3522,0.10627345501605208,1.8792998473649338,0.054473056993918065,0
2023-11-22,google_product_001,Search,3429,0.14072372768850408,3.393134822142825,0.045681032051286465,0
2023-11-23,google_product_001,Search,3581,0.1274353078322825,4.457686586053552,0.02950344501090059,0
2023-11-24,google_product_001,Search,2884,0.15957523531257542,1.2524951572747653,0.05362562852712452,0
2023-11-25,google_product_001,Search,3071,0.19021351338069434,3.5002698238483694,0.05640614563488287,0
2023-11-26,google_product_001,Search,3135,0.09374482591062766,3.473752143482579,0.07152056734512086,0
2023-11-27,google_product_001,Search,3200,0.1534507823744225,5.388337778208448,0.028765059667604023,0
2023-11-28,google_product_001,Search,3573,0.1451960161330008,3.6149781882871364,0.04242882013150275,0
2023-11-29,google_product_001,Search,3326,0.17014020229351395,4.382988984740928,0.01917901296811013,0
2023-11-30,google_product_001,Search,3610,0.15639589884713068,4.141257140087463,0.04553149156379209,0
2023-12-01,google_product_001,Search,3139,0.12744092004783542,1.8694335201927994,0.034517997018332275,0
2023-12-02,google_product_001,Search,2920,0.14042838193000146,4.768207216631737,0.05923445794824954,0
2023-12-03,google_product_001,Search,3304,0.12611922429589534,4.215396505456288,0.03225385029981418,0
2023-12-04,google_product_001,Search,3199,0.18228021415795795,4.50826863967459,0.023108169620327385,0
2023-12-05,google_product_001,Search,5304,0.15063934946015825,7.926237706436327,0.035287362592974804,1
2023-12-06,google_product_001,Search,3344,0.20703572057259023,1.9158870605014116,0.020245122287828626,0
2023-12-07,google_product_001,Search,5625,0.14818017558556137,5.724696649761109,0.0475109945450731,1
2023-12-08,google_product_001,Search,2999,0.12874779699268613,3.7125524805996446,0.019349169537436796,0
2023-12-09,google_product_001,Search,3456,0.10458856822161519,4.287328904403009,0.04028457581183159,0
2023-12-10,google_product_001,Search,2758,0.09590580971232165,3.954487754698758,0.019221881801438034,0
2023-12-11,google_product_001,Search,3760,0.1024759217098353,3.5757636666019565,0.03679702195463358,0
2023-12-12,google_product_001,Search,3709,0.1580137995303445,3.4301670717612414,0.05643378155804534,0
2023-12-13,google_product_001,Search,5717,0.165261750696898,4.329508735573009,0.04360647891435795,1
2023-12-14,google_product_001,Search,3477,0.102564278939036,2.482826303328321,0.03136506395035066,0
2023-12-15,google_product_001,Search,3418,0.17685114942228347,4.7505791675217655,0.03968796511060916,0
2023-12-16,google_product_001,Search,3180,0.1355081684494968,3.583805595114746,0.04018016872044446,0
2023-12-17,google_product_001,Search,3478,0.15440379035956647,2.869930660959642,0.04472630345843406,0
2023-12-18,google_product_001,Search,3527,0.1983666188476627,3.5499871420041864,0.02633141636719174,0
2023-12-19,google_product_001,Search,3781,0.17690517947596596,5.257149216862572,0.04592567273847331,0
2023-12-20,google_product_001,Search,3748,0.14194408056282504,3.464664912983777,0.012956083683972247,0
2023-12-21,google_product_001,Search,3659,0.12326423323754138,4.35845361820962,0.0337011544763619,0
2023-12-22,google_product_001,Search,3484,0.08544553796012085,3.2690437242845265,0.03511726157548455,0
2023-12-23,google_product_001,Search,2930,0.1284254004227274,4.757921849923619,0.046333268260712386,0
2023-12-24,google_product_001,Search,3073,0.14366609283516915,4.685507738790204,0.04022630852676869,0
2023-12-25,google_product_001,Search,3738,0.12038461418546448,5.848608833296412,0.025944369461437133,0
2023-12-26,google_product_001,Search,3870,0.14606229098723086,3.8244360545007847,0.03015006874182985,0
2023-12-27,google_product_001,Search,3869,0.15230555648876304,4.668654804757907,0.04198680009547407,0
2023-12-28,google_product_001,Search,3760,0.14325432054575765,4.0980675395389445,0.03920932658135444,0
2023-12-29,google_product_001,Search,3577,0.1304999225752962,5.295871781863014,0.034208758903642535,0
2023-12-30,google_product_001,Search,3250,0.1550596401590018,3.2811676123912696,0.03519166210488021,0
2023-12-31,google_product_001,Search,3272,0.16325821948708227,4.745005312877281,0.04696167997159289,0
2024-01-01,google_product_001,Search,3714,0.11728802767671462,3.8053027038833185,0.034823074271307854,0
2024-01-02,google_product_001,Search,3726,0.1923279713923881,3.935811822891502,0.03911908755970927,0
2024-01-03,google_product_001,Search,4073,0.14704235603147214,4.091752484448373,0.06169936588080543,0
2024-01-04,google_product_001,Search,3501,0.15056548868834543,4.252240396426678,0.02576317363116077,0
2024-01-05,google_product_001,Search,3799,0.1712464326976967,3.883770956878042,0.021481572684253415,0
2024-01-06,google_product_001,Search,3538,0.15699648393790505,4.2147131831705265,0.04783589664798607,0
2024-01-07,google_product_001,Search,3565,0.17859409901739734,5.578118057562184,0.03321356938705897,0
2024-01-08,google_product_001,Search,3957,0.15861372495605472,4.985449685615219,0.0368176247225738,0
2024-01-09,google_product_001,Search,4340,0.13162687876078685,4.869154592496897,0.03218843621868886,0
2024-01-10,google_product_001,Search,4280,0.16084510575618305,3.5444604739761294,0.037401998592324875,0
2024-01-11,google_product_001,Search,3559,0.11568821378038013,3.110759171771676,0.055985381120963414,0
2024-01-12,google_product_001,Search,3423,0.1532567911732957,4.955300558237753,0.0480212845861812,0
2024-01-13,google_product_001,Search,3404,0.14900310028066618,4.876046792529794,0.048622235118869775,0
2024-01-14,google_product_001,Search,3604,0.1437564942818238,5.472670675750982,0.025837729442073545,0
2024-01-15,google_product_001,Search,3949,0.14614387465683207,3.3960193740307707,0.028488462634471308,0
2024-01-16,google_product_001,Search,3946,0.09354452863507082,3.770451344639653,0.01160921340514573,0
2024-01-17,google_product_001,Search,4199,0.13353825276777115,2.3605158374745656,0.031906191789172464,0
2024-01-18,google_product_001,Search,3860,0.15278534703423344,3.607528893939127,0.04956703186385659,0
2024-01-19,google_product_001,Search,3640,0.154795691759922,4.996570510579447,0.04516946515748371,0
2024-01-20,google_product_001,Search,3331,0.11916974577222125,3.533504620771802,0.03778486737047876,0
2024-01-21,google_product_001,Search,3497,0.187971235225941,4.640479795200823,0.03977699716281947,0
2024-01-22,google_product_001,Search,3657,0.12401475455356498,3.8094968940021885,0.033111144574245945,0
2024-01-23,google_product_001,Search,3979,0.17908371601580209,4.324057028221561,0.042047588824017844,0
2024-01-24,google_product_001,Search,4454,0.16281583085615053,2.8523086101843327,0.04765878279480615,0
2024-01-25,google_product_001,Search,3903,0.13061318070468592,4.085209449633901,0.023841132125895274,0
2024-01-26,google_product_001,Search,4370,0.20325932677828534,1.0088640290992767,0.042996476878373484,0
2024-01-27,google_product_001,Search,3791,0.11419089504730559,3.813103841838015,0.049324348709546675,0
2024-01-28,google_product_001,Search,3799,0.17757462520830003,2.36952675628486,0.03584899711036631,0
2024-01-29,google_product_001,Search,3836,0.18001746954128933,5.205994516546816,0.04700700612120584,0
2024-01-30,google_product_001,Search,4394,0.12988139372770063,4.777407352764511,0.06814654444472554,0
2024-01-31,google_product_001,Search,4207,0.19177395900192984,4.466670981966081,0.03895657207013108,0
2024-02-01,google_product_001,Search,4196,0.14249860456203142,5.52100622715938,0.04393307050005324,0
2024-02-02,google_product_001,Search,4434,0.1586608088783957,3.051083479175163,0.03261942916338609,0
2024-02-03,google_product_001,Search,3751,0.1578096551631366,5.747363197915558,0.0418125116260205,0
2024-02-04,google_product_001,Search,4069,0.14597073775588357,4.932191564260385,0.04460271624982304,0
2024-02-05,google_product_001,Search,3944,0.17432424819479345,3.763444712781054,0.041948423402701385,0
2024-02-06,google_product_001,Search,4323,0.17380466161656638,5.135620147182944,0.02980304680291143,0
2024-02-07,google_product_001,Search,4752,0.09754404080285457,2.893706487588366,0.04206361771325451,0
2024-02-08,google_product_001,Search,4121,0.18913020728634455,3.1754858384723263,0.05462195938717637,0
2024-02-09,google_product_001,Search,4359,0.10012524035892977,3.3914102767602996,0.044486357645145275,0
2024-02-10,google_product_001,Search,3986,0.18097638613024972,3.4710222919359848,0.04961987189071841,0
2024-02-11,google_product_001,Search,3800,0.1838011541048275,2.9434423572397472,0.03762988029987372,0
2024-02-12,google_product_001,Search,4283,0.11727100709354404,5.223083067095325,0.04749900239423711,0
2024-02-13,google_product_001,Search,4596,0.13767557136136244,3.741145599630168,0.04279267838216526,0
2024-02-14,google_product_001,Search,4593,0.11682885994542191,4.35250496835688,0.03049089270312768,0
2024-02-15,google_product_001,Search,4002,0.14355236909133792,3.4296486335863197,0.04318521004798875,0
2024-02-16,google_product_001,Search,3920,0.14075897147442776,2.179396699451483,0.030083033365596895,0
2024-02-17,google_product_001,Search,3864,0.17338981596808017,4.270057358391422,0.033671197251152085,0
2024-02-18,google_product_001,Search,3966,0.18930926238358825,2.087745024580223,0.04189328307292374,0
2024-02-19,google_product_001,Search,6348,0.19187051432369867,3.9313659539145314,0.04297244273380124,1
2024-02-20,google_product_001,Search,4504,0.13313495920265092,2.6316849611671893,0.028107675349228707,0
2024-02-21,google_product_001,Search,4268,0.14372334378766416,5.987275999230808,0.05053985771182876,0
2024-02-22,google_product_001,Search,6458,0.09949685423337148,4.911362722174721,0.04572006278300473,1
2024-02-23,google_product_001,Search,4252,0.12582389800511434,4.10575379127148,0.03295271564389116,0
2024-02-24,google_product_001,Search,4089,0.17894554899292373,5.263706677654668,0.024624152035508245,0
2024-02-25,google_product_001,Search,4259,0.19846748470644693,3.1536840225342644,0.03855095420918569,0
2024-02-26,google_product_001,Search,4453,0.11296953384360234,4.543479378670093,0.0355405628613884,0
2024-02-27,google_product_001,Search,4621,0.13222607222541316,4.199810433718714,0.04113140457053023,0
2024-02-28,google_product_001,Search,4581,0.1492078272912322,4.26402008133367,0.036368833388444335,0
2024-02-29,google_product_001,Search,4109,0.1584048347645882,5.272353500106767,0.019925431392549903,0
2024-03-01,google_product_001,Search,4275,0.12571189440235062,4.732492102779802,0.03611653061698842,0
2024-03-02,google_product_001,Search,4076,0.16272183133392268,4.288723662825023,0.03694380888931687,0
2024-03-03,google_product_001,Search,4154,0.1357848195878725,2.345112563771704,0.046336610247740585,0
2024-03-04,google_product_001,Search,4087,0.14956643187365162,3.0399537047205363,0.033018003253889504,0
2024-03-05,google_product_001,Search,4368,0.16638852744011098,3.877291066404276,0.05678674673372566,0
2024-03-06,google_product_001,Search,4860,0.15019266809432813,4.093372374276651,0.02088359449348243,0
2024-03-07,google_product_001,Search,4487,0.13690842328420294,2.869796275326076,0.05311167497802625,0
2024-03-08,google_product_001,Search,4378,0.14671170588222507,6.411676675578422,0.037756810291218953,0
2024-03-09,google_product_001,Search,4092,0.14734911122383992,5.516394055253572,0.048595848723435565,0
2024-03-10,google_product_001,Search,4157,0.13889966910353616,4.602118320392483,0.04079801484058733,0
2024-03-11,google_product_001,Search,4579,0.14223611811998693,4.0720368612837445,0.0513955553602547,0
2024-03-12,google_product_001,Search,4530,0.1979594151151415,3.787791030098848,0.03612638035447189,0
2024-03-13,google_product_001,Search,4716,0.16682758343823717,3.0480815399777645,0.02901379574822188,0
2024-03-14,google_product_001,Search,4449,0.1411355904591252,4.077480518518863,0.054205042872710635,0
2024-03-15,google_product_001,Search,4200,0.17090863213532206,4.257752540142751,0.03886519354117859,0
2024-03-16,google_product_001,Search,4069,0.1399854153073197,2.7582394245183757,0.04221558473624211,0
2024-03-17,google_product_001,Search,4239,0.18519373912759923,4.3341764172448976,0.052347519140447954,0
2024-03-18,google_product_001,Search,4339,0.16108926576594282,3.8447409511752513,0.02968044757905565,0
2024-03-19,google_product_001,Search,4926,0.14678093567987313,2.092192442122609,0.045954908976392574,0
2024-03-20,google_product_001,Search,4559,0.16343150777430832,3.1396149892204983,0.03410105243537109,0
2024-03-21,google_product_001,Search,4543,0.10287371543794502,3.586394466578356,0.038678306443556285,0
2024-03-22,google_product_001,Search,4238,0.11619697593270584,5.887687657340191,0.04072278965384289,0
2024-03-23,google_product_001,Search,4458,0.11418224980802832,4.5565531245337585,0.02499778138553064,0
2024-03-24,google_product_001,Search,4270,0.1542882928429112,2.6645184309001086,0.03221162957179565,0
2024-03-25,google_product_001,Search,4676,0.20197544998455275,4.486036289417637,0.05351072892413139,0
2024-03-26,google_product_001,Search,4412,0.21693900438577896,2.4526960110616347,0.04886191188584796,0
2024-03-27,google_product_001,Search,4825,0.1691415330432227,5.082691053887073,0.03937360422672765,0
2024-03-28,google_product_001,Search,4791,0.1650253342483337,3.5288753481821216,0.04243123458512893,0
2024-03-29,google_product_001,Search,4374,0.09596826797541783,3.906363811260829,0.03705757494363542,0
2024-03-30,google_product_001,Search,4412,0.13371978600797935,5.32579664754219,0.05356583385827982,0
2024-03-31,google_product_001,Search,4157,0.12636648744275283,2.71283643141575,0.03799647422205836,0
2024-04-01,google_product_001,Search,4780,0.13137457205246653,2.6028818148870085,0.04231842092134848,0
2024-04-02,google_product_001,Search,5196,0.1449556854424563,3.416400673653995,0.05146030144142065,0
2024-04-03,google_product_001,Search,4725,0.13583728266908618,5.038378851019317,0.03222628515154093,0
2024-04-04,google_product_001,Search,4550,0.09062100568872636,2.480653924523158,0.05558789184496894,0
2024-04-05,google_product_001,Search,4672,0.172437307683526,1.1678444018894312,0.02469538590256623,0
2024-04-06,google_product_001,Search,4538,0.1178177092278058,3.548841141591001,0.056296421311127984,0
2024-04-07,google_product_001,Search,4178,0.15717740592333448,4.55174079991092,0.03627324416048026,0
2024-04-08,google_product_001,Search,6436,0.2122224800924992,5.2002617497388295,0.03757301252174718,1
2024-04-09,google_product_001,Search,4700,0.1224184622524073,3.536838637914601,0.021099898288170573,0
2024-04-10,google_product_001,Search,4548,0.0740913743176101,3.5885733928839976,0.035452052826223074,0
2024-04-11,google_product_001,Search,4473,0.14141987334359668,5.153900734255747,0.029601934689731157,0
2024-04-12,google_product_001,Search,4198,0.18302878904995712,2.1302583003045794,0.03392353654626527,0
2024-04-13,google_product_001,Search,4084,0.2087504236266178,3.611479224816991,0.038626890342111204,0
2024-04-14,google_product_001,Search,4291,0.11311351216642748,4.190423889925058,0.049577916144729055,0
2024-04-15,google_product_001,Search,4581,0.16490097669709564,4.4492187212850345,0.04207603351400626,0
2024-04-16,google_product_001,Search,5080,0.1360406862965984,3.4901933068091173,0.043076766534011136,0
2024-04-17,google_product_001,Search,4629,0.14682154937087594,4.034441011705841,0.029044806111544377,0
2024-04-18,google_product_001,Search,4865,0.22933030041051103,1.5116726465870105,0.031192459103972697,0
2024-04-19,google_product_001,Search,4366,0.10491089014814539,3.3417515876661517,0.057987250183513125,0
2024-04-20,google_product_001,Search,4237,0.15761218984483719,4.453508712554467,0.03264798965236754,0
2024-04-21,google_product_001,Search,4441,0.16403079515296298,3.0177059657453205,0.05656208252057296,0
2024-04-22,google_product_001,Search,4316,0.18257358974818041,4.058984221589597,0.037569388011191335,0
2024-04-23,google_product_001,Search,4852,0.15293949460412687,4.446872500802698,0.04002287936143504,0
2024-04-24,google_product_001,Search,4867,0.15924151618512306,3.657450799142235,0.050703651602299296,0
2024-04-25,google_product_001,Search,4770,0.13825054297734626,4.170463770996571,0.052718924219386565,0
2024-04-26,google_product_001,Search,4469,0.1580738082373532,3.0372674347153876,0.03889187439720913,0
2024-04-27,google_product_001,Search,4740,0.13970423173507768,3.7933887203039536,0.03611756946478461,0
2024-04-28,google_product_001,Search,4179,0.16864715669568153,4.610216169589222,0.03944079551477787,0
2024-04-29,google_product_001,Search,4435,0.13891168991869096,4.156972960968434,0.043379575282321184,0
2024-04-30,google_product_001,Search,4650,0.1613130118170656,3.4134687304360645,0.04891303686869756,0
2024-05-01,google_product_001,Search,4721,0.14912211558945065,4.224216404290793,0.040042298589941516,0
2024-05-02,google_product_001,Search,4542,0.18378150752316502,4.714609790636618,0.04618886298023154,0
2024-05-03,google_product_001,Search,4646,0.14845818829234542,1.950058721422522,0.05638359732270941,0
2024-05-04,google_product_001,Search,4529,0.09680902595379355,5.159074064955898,0.043813096122647846,0
2024-05-05,google_product_001,Search,4187,0.18785764502141974,3.663745261318928,0.04311652856004779,0
2024-05-06,google_product_001,Search,4368,0.12282803097412143,4.425489933240231,0.024810891749099322,0
2024-05-07,google_product_001,Search,4862,0.1303870098405354,5.197246923645228,0.013692698631709365,0
2024-05-08,google_product_001,Search,4714,0.13213016117869522,2.6283263027695343,0.043883757292301685,0
2024-05-09,google_product_001,Search,4787,0.19123314279512452,3.2905589975724534,0.039051757687191276,0
2024-05-10,google_product_001,Search,4439,0.08592977358063913,3.7114513041242954,0.03485217325085258,0
2024-05-11,google_product_001,Search,3931,0.2441324560097998,3.2162464788755716,0.042435302041863444,0
2024-05-12,google_product_001,Search,4600,0.18168170427198155,5.734936575836809,0.03939596270803092,0
2024-05-13,google_product_001,Search,4882,0.1566971674238748,3.143227906173207,0.05127780250633899,0
2024-05-14,google_product_001,Search,4632,0.1483531799815114,3.4444532205131333,0.040861108682589777,0
2024-05-15,google_product_001,Search,4733,0.1585666222457297,4.204389031602977,0.032530767149298326,0
2024-05-16,google_product_001,Search,4703,0.16563367285138014,2.797850473923911,0.04990166238959289,0
2024-05-17,google_product_001,Search,4450,0.1693564675785017,3.6043192882437363,0.03782868925053798,0
2024-05-18,google_product_001,Search,4350,0.16666813398010344,4.317453261250175,0.045265366836723074,0
2024-05-19,google_product_001,Search,4675,0.15268742043765746,3.667139595617489,0.035225892938072,0
2024-05-20,google_product_001,Search,4470,0.14407984739078022,3.9066131411000518,0.03350173114502564,0
2024-05-21,google_product_001,Search,4577,0.14546180149039464,3.4706678875516292,0.04084168230185696,0
2024-05-22,google_product_001,Search,4516,0.14415275158941956,2.485529690819233,0.04012828643543685,0
2024-05-23,google_product_001,Search,4480,0.18401310290601192,4.321593211339239,0.04479827035366833,0
2024-05-24,google_product_001,Search,4356,0.16780670166842585,5.754933071647241,0.03731354246690258,0
2024-05-25,google_product_001,Search,4556,0.06178834096007159,4.018401630783438,0.021636402162296026,0
2024-05-26,google_product_001,Search,4148,0.16967702329589282,4.22526411724755,0.03567226116411611,0
2024-05-27,google_product_001,Search,4528,0.15584208584156323,4.6927227551168595,0.04793818467143816,0
2024-05-28,google_product_001,Search,4711,0.14943873730662308,2.730669503453301,0.03702623920756894,0
2024-05-29,google_product_001,Search,5006,0.13834444640733343,5.702514658129606,0.03753616597485452,0
2024-05-30,google_product_001,Search,5108,0.1837233815995804,4.202328796422802,0.04986376505905937,0
2024-05-31,google_product_001,Search,4232,0.17842579386368573,5.631856899089109,0.032880267727410775,0
2024-06-01,google_product_001,Search,4074,0.12681366996529173,3.266967004476011,0.024571967817571004,0
2024-06-02,google_product_001,Search,4435,0.16221156861373603,5.818061922557825,0.03839368880474506,0
2024-06-03,google_product_001,Search,4593,0.12085029796376141,4.775155494034783,0.03515826048751263,0
2024-06-04,google_product_001,Search,5057,0.10861145505633207,4.553040085852358,0.03033753680246746,0
2024-06-05,google_product_001,Search,4858,0.13119848326230105,4.234024454353148,0.038246215441013094,0
2024-06-06,google_product_001,Search,4503,0.17587180417148277,3.7514713819255507,0.04491505647246784,0
2024-06-07,google_product_001,Search,4428,0.17859375136128258,5.2005316584738726,0.039907114384321846,0
2024-06-08,google_product_001,Search,4365,0.1653925626029188,4.140359869848047,0.043069810726862376,0
2024-06-09,google_product_001,Search,4361,0.1717528736054399,2.0329302964128475,0.05813407698515423,0
2024-06-10,google_product_001,Search,4529,0.16548534861344874,2.8828135382929974,0.03657121138442436,0
2024-06-11,google_product_001,Search,4871,0.13075555214331142,3.8141542478072528,0.0427834863464467,0
2024-06-12,google_product_001,Search,4944,0.1629576763402182,4.309998983165555,0.03490786637400865,0
2024-06-13,google_product_001,Search,4820,0.17401228575683048,3.9434115111001042,0.03153640280113027,0
2024-06-14,google_product_001,Search,4409,0.17262873989440722,5.218970789793663,0.034150923465822304,0
2024-06-15,google_product_001,Search,4078,0.1856674011442393,2.048898135961375,0.03521241428478312,0
2024-06-16,google_product_001,Search,4195,0.1712491154160319,4.14358793650516,0.04359475797547126,0
2024-06-17,google_product_001,Search,4636,0.16054344622624747,2.1820207746128455,0.06349075786700757,0
2024-06-18,google_product_001,Search,4461,0.1821045071494928,4.759712295484168,0.032839565637241594,0
2024-06-19,google_product_001,Search,4752,0.1492043622225282,3.905541285557997,0.035833746943845377,0
2024-06-20,google_product_001,Search,4432,0.12354376046316846,4.419609972024118,0.039368769868887515,0
2024-06-21,google_product_001,Search,4251,0.14510799108168707,3.136117039410234,0.04395798848709747,0
2024-06-22,google_product_001,Search,4334,0.12765292065580652,5.279464931657751,0.04263550811954785,0
2024-06-23,google_product_001,Search,4170,0.12974465175076855,5.041724664058851,0.052840957939481174,0
2024-06-24,google_product_001,Search,4371,0.14566443987853445,4.583544303011887,0.015736079294647917,0
2024-06-25,google_product_001,Search,4319,0.12622740237000116,3.8704827531365593,0.016130701298043275,0
2024-06-26,google_product_001,Search,4793,0.1407611541108288,4.579857285295132,0.035041218279898506,0
2024-06-27,google_product_001,Search,4606,0.09319155999138642,3.293107432012651,0.05097300187543709,0
2024-06-28,google_product_001,Search,4644,0.15639881122118815,4.8555556590207125,0.024343519683944038,0
2024-06-29,google_product_001,Search,3983,0.15003616426086672,5.649480894323921,0.01,0
2024-06-30,google_product_001,Search,4141,0.12548734106795428,5.070610559979186,0.045711794062192085,0
2024-07-01,google_product_001,Search,4377,0.16977737005297214,3.2703975301925903,0.04243657223702715,0
2024-07-02,google_product_001,Search,4872,0.17812710412879673,4.361417317273103,0.029097915932005704,0
2024-07-03,google_product_001,Search,4590,0.10177320406893077,2.7068584562413522,0.030144603992790703,0
2024-07-04,google_product_001,Search,4498,0.12711825664301357,4.572390311175676,0.030302562803653257,0
2024-07-05,google_product_001,Search,4298,0.12692572950638104,4.450603412862539,0.0411053531747394,0
2024-07-06,google_product_001,Search,4047,0.12180290696673406,2.1301836604678357,0.03373684723816993,0
2024-07-07,google_product_001,Search,3973,0.17488424525795246,2.838216156087636,0.044940639189755195,0
2024-07-08,google_product_001,Search,4331,0.1441852158368159,3.7168611032562326,0.01145373337095609,0
2024-07-09,google_product_001,Search,4737,0.14206455476068167,3.699140252859174,0.03143148134872201,0
2024-07-10,google_product_001,Search,4370,0.08988412906779739,2.790523064581195,0.028739460390889496,0
2024-07-11,google_product_001,Search,4434,0.1690625409062768,4.388978729352184,0.03743659321627508,0
2024-07-12,google_product_001,Search,4003,0.11282224815439582,4.251473608940512,0.034619522415098615,0
2024-07-13,google_product_001,Search,4215,0.15179797890798985,3.8057308680214805,0.04797843779895766,0
2024-07-14,google_product_001,Search,3724,0.15832130813874573,3.244208499841637,0.021406632283399424,0
2024-07-15,google_product_001,Search,4147,0.19081975787515953,5.048707126416564,0.04045491476330752,0
2024-07-16,google_product_001,Search,4564,0.11073538802642663,5.6554071130882955,0.045583364232117056,0
2024-07-17,google_product_001,Search,4855,0.059414635325375234,3.516438516153463,0.05856647436561955,0
2024-07-18,google_product_001,Search,4362,0.15551548634261084,3.3878330828451793,0.03518234028906525,0
2024-07-19,google_product_001,Search,3999,0.2040153354453256,4.491207665411996,0.04324458604352517,0
2024-07-20,google_product_001,Search,4319,0.1871683905881831,3.641970620253014,0.021961372074376352,0
2024-07-21,google_product_001,Search,3707,0.15628978245823877,3.8606027993367658,0.016080437956869763,0
2024-07-22,google_product_001,Search,3787,0.13525091443103857,4.739653151724672,0.048447743757817,0
2024-07-23,google_product_001,Search,4545,0.1742136778991193,2.090643912492707,0.039944397063519294,0
2024-07-24,google_product_001,Search,4410,0.12079361400886593,5.318302324852669,0.05178512689798423,0
2024-07-25,google_product_001,Search,4140,0.16429073308068656,4.072680524329341,0.02626597111030251,0
2024-07-26,google_product_001,Search,4221,0.1651641047749988,3.58850685543782,0.045199021395287524,0
2024-07-27,google_product_001,Search,3962,0.18180629722496638,3.9107658457785512,0.05868817840543854,0
2024-07-28,google_product_001,Search,3854,0.23278980116733233,3.9624293550205185,0.04419705608357266,0
2024-07-29,google_product_001,Search,3942,0.161772479015363,2.2687986965550744,0.04276581505591049,0
2024-07-30,google_product_001,Search,4603,0.13473109122877502,5.494938227453236,0.0400855608082435,0
2024-07-31,google_product_001,Search,4612,0.14923277063424017,4.041325632270619,0.02429118542874088,0
2024-08-01,google_product_001,Search,4297,0.09692772285332646,4.4430021304473755,0.05355572935710348,0
2024-08-02,google_product_001,Search,4422,0.12915860606732826,4.951549770574043,0.03389142360194934,0
2024-08-03,google_product_001,Search,3672,0.13772152685660688,2.9788375424397,0.04504483256383017,0
2024-08-04,google_product_001,Search,3636,0.13427734806196223,4.4734718990352285,0.024369656934287467,0
2024-08-05,google_product_001,Search,4034,0.15457064616101165,3.7323589091012064,0.028205403354922196,0
2024-08-06,google_product_001,Search,4394,0.12532740202853399,4.846770775216494,0.054350873992222354,0
2024-08-07,google_product_001,Search,4507,0.18363092001973413,1.8727725796485046,0.03652697711042157,0
2024-08-08,google_product_001,Search,4244,0.1500062119475459,3.900905699758731,0.05453275476042545,0
2024-08-09,google_product_001,Search,4099,0.14972099036584155,3.3971793442160383,0.03921769340941482,0
2024-08-10,google_product_001,Search,3613,0.14016315850461247,4.432262950634155,0.021581022270421427,0
2024-08-11,google_product_001,Search,4207,0.15465572051576937,4.470044187368202,0.048920675997317205,0
2024-08-12,google_product_001,Search,4134,0.17475294794002905,3.292374105177974,0.034101076822443926,0
2024-08-13,google_product_001,Search,4606,0.12398609352867299,3.2878261358239564,0.046986888135170435,0
2024-08-14,google_product_001,Search,4506,0.1302565053277423,3.8893346314426704,0.04025210867540082,0
2024-08-15,google_product_001,Search,4364,0.14088821913670005,3.1033577726847916,0.024568817720571297,0
2024-08-16,google_product_001,Search,4124,0.10962387229580355,4.841983695452127,0.04164294765370569,0
2024-08-17,google_product_001,Search,3935,0.12542226420835506,3.630792799552554,0.06196223142152799,0
2024-08-18,google_product_001,Search,4030,0.13571337379366022,1.0930117806783586,0.04492986458514459,0
2024-08-19,google_product_001,Search,4399,0.17623167542138182,3.625177943378194,0.03942482246994537,0
2024-08-20,google_product_001,Search,4406,0.15787683987005774,2.961456179156028,0.05075343401956898,0
2024-08-21,google_product_001,Search,4564,0.1558076973410263,2.3687241845390545,0.04210668465203111,0
2024-08-22,google_product_001,Search,4240,0.17552693886503917,2.7625733617774273,0.042095342302627944,0
2024-08-23,google_product_001,Search,4284,0.1458788463480181,4.10940847183297,0.029083748278408976,0
2024-08-24,google_product_001,Search,3697,0.1617139454978667,5.328640828248231,0.04233848025789599,0
2024-08-25,google_product_001,Search,4249,0.1469033474120251,4.31318447386498,0.050354434164169445,0
2024-08-26,google_product_001,Search,2614,0.15796087048198884,3.3934966117842604,0.03163937847899975,1
2024-08-27,google_product_001,Search,4070,0.13251724027165254,4.455904195170703,0.054244958212469475,0
2024-08-28,google_product_001,Search,4438,0.07683548525170712,3.5409096897810084,0.03908293975854874,0
2024-08-29,google_product_001,Search,4113,0.14597162513441087,3.305399630836855,0.031122304884614593,0
2024-08-30,google_product_001,Search,4157,0.1926824440829982,2.8456373317670156,0.04997632076920244,0
2024-08-31,google_product_001,Search,3695,0.17778646206724777,2.2481711932482806,0.03713205764261731,0
2024-09-01,google_product_001,Search,3794,0.17896192453773513,3.610076293440555,0.047595148874861076,0
2024-09-02,google_product_001,Search,3739,0.18708392165418652,4.158053489920132,0.03708241367741463,0
2024-09-03,google_product_001,Search,4261,0.15265972772884312,3.90337632998511,0.039401738564700965,0
2024-09-04,google_product_001,Search,3924,0.15591947122216787,3.5840330720526414,0.04493560204334292,0
2024-09-05,google_product_001,Search,3930,0.13147044313696948,3.054253939303219,0.04290897057590006,0
2024-09-06,google_product_001,Search,4139,0.1405178143191885,4.608246191684969,0.020044682195482614,0
2024-09-07,google_product_001,Search,3982,0.16847313449313425,2.682868080053415,0.028787562599056085,0
2024-09-08,google_product_001,Search,3968,0.1861165331150645,4.776027913843476,0.049294099847908154,0
2024-09-09,google_product_001,Search,3925,0.14581661172957,2.997782981073275,0.03867863411098453,0
2024-09-10,google_product_001,Search,4344,0.13649432205445766,3.247564762646965,0.03476268697228578,0
2024-09-11,google_product_001,Search,4412,0.1500158387656979,2.533214809384323,0.026414259847425257,0
2024-09-12,google_product_001,Search,4019,0.16803620246787343,3.4985978531143633,0.02920263678724152,0
2024-09-13,google_product_001,Search,4292,0.10668435551599374,4.975312458477979,0.019782013600380528,0
2024-09-14,google_product_001,Search,4006,0.08111457140588285,4.515628088443957,0.03898719281298467,0
2024-09-15,google_product_001,Search,3846,0.1334838945152525,4.978422112028035,0.034015624194189534,0
2024-09-16,google_product_001,Search,4132,0.11337862722257525,4.522142545933936,0.030334121090146847,0
2024-09-17,google_product_001,Search,4404,0.13475579407058066,2.896330171469631,0.03931876574832047,0
2024-09-18,google_product_001,Search,4014,0.14556659043547585,3.669210775672443,0.043639706308527385,0
2024-09-19,google_product_001,Search,4213,0.1364025477293096,3.2198008708825374,0.06093197932209945,0
2024-09-20,google_product_001,Search,3867,0.19357402603412235,5.33057490403904,0.024881165804367864,0
2024-09-21,google_product_001,Search,3643,0.1598023429380696,2.8032113535736887,0.05159381043300522,0
2024-09-22,google_product_001,Search,3848,0.15901423078832486,4.893697689389111,0.04973101561015072,0
2024-09-23,google_product_001,Search,4501,0.16866621432130205,4.892953870108769,0.03220907260623299,0
2024-09-24,google_product_001,Search,4507,0.11583500646657692,5.829620201716088,0.042032359545860314,0
2024-09-25,google_product_001,Search,4325,0.18117335362260806,3.5903134073705028,0.035423667506623846,0
2024-09-26,google_product_001,Search,4395,0.1477270714039362,4.712322159580162,0.041856885804187394,0
2024-09-27,google_product_001,Search,4303,0.17011441851723638,6.281651836538843,0.05509131013404551,0
2024-09-28,google_product_001,Search,4049,0.11784428300879533,3.3823583230663035,0.04605606232631313,0
2024-09-29,google_product_001,Search,3937,0.10338723701951807,2.4649597524676405,0.04508608373233442,0
2024-09-30,google_product_001,Search,4034,0.17453668974075084,2.1199899660922363,0.03569690680045358,0
2024-10-01,google_product_001,Search,4541,0.16129228578292548,4.712712028861331,0.025159433350756648,0
2024-10-02,google_product_001,Search,4542,0.12293845336927468,2.116849791941416,0.03791531789459592,0
2024-10-03,google_product_001,Search,4484,0.12391010756175916,3.627680947062077,0.052066081548639155,0
2024-10-04,google_product_001,Search,4176,0.18376304353244308,4.437313187038961,0.024728321434103525,0
2024-10-05,google_product_001,Search,4101,0.11431764321398016,4.185175536829914,0.02944910631823305,0
2024-10-06,google_product_001,Search,3847,0.1992801885976789,4.425444864184172,0.04126267736234068,0
2024-10-07,google_product_001,Search,4456,0.12298137796056394,4.222289855800854,0.030153452151527378,0
2024-10-08,google_product_001,Search,4472,0.16915175776825148,5.278865813313393,0.03207476552884787,0
2024-10-09,google_product_001,Search,4910,0.14014144572753046,3.047683619261203,0.035764014182718226,0
2024-10-10,google_product_001,Search,4200,0.1680956229324703,3.3230048615414685,0.026343825958098505,0
2024-10-11,google_product_001,Search,4430,0.13367657993657422,3.2273405547291762,0.030258781537836316,0
2024-10-12,google_product_001,Search,3965,0.14511621281783116,4.83019181186261,0.04703427916787309,0
2024-10-13,google_product_001,Search,3859,0.15122757526187164,4.900398588395063,0.02692630217769036,0
2024-10-14,google_product_001,Search,4133,0.11993437632655582,4.4512253193185085,0.024021278655051624,0
2024-10-15,google_product_001,Search,4406,0.17222473036260377,5.183493666889928,0.03369975020466106,0
2024-10-16,google_product_001,Search,4619,0.13460359300585245,2.8219591326236193,0.04731955502509846,0
2024-10-17,google_product_001,Search,4482,0.14314200253979945,5.667224111551137,0.038030781920031106,0
2024-10-18,google_product_001,Search,4009,0.12016951876174463,5.523238621712258,0.03535418921884382,0
2024-10-19,google_product_001,Search,3963,0.07312999023614068,4.7356219972457465,0.04044358797515607,0
2024-10-20,google_product_001,Search,4460,0.14426916712199492,5.78179890877106,0.02254292567140348,0
2024-10-21,google_product_001,Search,4619,0.22237846264838745,2.343376792322226,0.04494705653775032,0
2024-10-22,google_product_001,Search,4602,0.1735381286369407,3.475551863737348,0.043834350314036444,0
2024-10-23,google_product_001,Search,4587,0.14942218860796816,3.264696539318048,0.035906915259042785,0
2024-10-24,google_product_001,Search,4448,0.14211327512375196,4.721479323757343,0.05005924511796417,0
2024-10-25,google_product_001,Search,4294,0.1506739767843614,2.9498592603978544,0.028725039010469612,0
2024-10-26,google_product_001,Search,3812,0.1664135734552563,4.757495149337485,0.051279089932535694,0
2024-10-27,google_product_001,Search,4030,0.11457561554073464,5.370536143996714,0.04154493665595251,0
2024-10-28,google_product_001,Search,3990,0.18342965084006616,4.695202900083999,0.03663447410121827,0
2024-10-29,google_product_001,Search,4646,0.17146143946323733,4.283751023661501,0.039801263646316885,0
2024-10-30,google_product_001,Search,4761,0.17154557177123803,3.012126659099251,0.038927352341890584,0
2024-10-31,google_product_001,Search,4381,0.16315427216429182,3.1531490338746355,0.052202828964177175,0
2024-11-01,google_product_001,Search,4540,0.1505884997308197,5.249618905296667,0.029233208725289866,0
2024-11-02,google_product_001,Search,3826,0.1701858370790046,4.779349003905333,0.03237480760853402,0
2024-11-03,google_product_001,Search,3845,0.16775442401224133,3.960980480622456,0.0503630289207248,0
2024-11-04,google_product_001,Search,4425,0.1393787786717693,3.5820904542341094,0.03404465064816141,0
2024-11-05,google_product_001,Search,4833,0.13279194681309298,1.9741921268886231,0.04900533077331592,0
2024-11-06,google_product_001,Search,5027,0.15305568885785958,2.9291475813155614,0.0569943598300871,0
2024-11-07,google_product_001,Search,4445,0.1964706045448556,5.911419087139723,0.035982049730583665,0
2024-11-08,google_product_001,Search,4501,0.11282678773038296,2.7195444289975335,0.04681362326575306,0
2024-11-09,google_product_001,Search,4125,0.1059742420274268,4.189479821221081,0.028463077186601418,0
2024-11-10,google_product_001,Search,4165,0.1549428252370955,5.0074439731951985,0.04754733298067809,0
2024-11-11,google_product_001,Search,4620,0.15152663105568054,2.7450773319977078,0.04199423985986767,0
2024-11-12,google_product_001,Search,4818,0.15520024993111223,4.184710474781084,0.04473038282160215,0
2024-11-13,google_product_001,Search,4440,0.157318595937255,4.937915537510655,0.03354427927964605,0
2024-11-14,google_product_001,Search,4897,0.14330393236095584,4.01249932190725,0.023389165844328274,0
2024-11-15,google_product_001,Search,4628,0.19469590315806246,6.868403055666768,0.04503252064749505,0
2024-11-16,google_product_001,Search,4074,0.10197288064570453,2.3314007411218047,0.019365968475205456,0
2024-11-17,google_product_001,Search,4346,0.12514508925659262,5.058728529883879,0.036826495077574656,0
2024-11-18,google_product_001,Search,4610,0.14690235719552858,3.8271982626035355,0.0494118186641997,0
2024-11-19,google_product_001,Search,4808,0.10070433566537498,4.771920154836675,0.04191897735873036,0
2024-11-20,google_product_001,Search,4714,0.14472436786703785,4.441307151699246,0.05948342644789813,0
2024-11-21,google_product_001,Search,4538,0.19984410497184055,3.2668438028900035,0.050251091525817734,0
2024-11-22,google_product_001,Search,4418,0.15062659464887884,4.22899639245934,0.033461016116744235,0
2024-11-23,google_product_001,Search,4505,0.1569210271715605,2.142098548601713,0.04027313379851439,0
2024-11-24,google_product_001,Search,4448,0.11219505704482259,4.603247500571394,0.03952629297455564,0
2024-11-25,google_product_001,Search,4511,0.13150915775881566,4.298158465990525,0.024178232366538727,0
2024-11-26,google_product_001,Search,4984,0.13874410859028188,4.638660168643103,0.030596010835156468,0
2024-11-27,google_product_001,Search,4329,0.14046854709731296,5.05811832508715,0.0343923909302014,0
2024-11-28,google_product_001,Search,4977,0.18844931385011304,4.367619840209711,0.019637794971440633,0
2024-11-29,google_product_001,Search,6150,0.16673073182175374,4.148089419798276,0.04047493468251643,1
2024-11-30,google_product_001,Search,4274,0.11665626129188904,3.118931663338708,0.037509281553469595,0
2024-12-01,google_product_001,Search,4192,0.15739514335296015,3.287779236350949,0.023271060986884258,0
2024-12-02,google_product_001,Search,2903,0.16494665245490356,5.186734620177331,0.04404212865277332,1
2024-12-03,google_product_001,Search,5140,0.18420447115563798,5.436335405705979,0.0471587274469096,0
2024-12-04,google_product_001,Search,4883,0.1974162205970512,3.761889563687946,0.04227034478864889,0
2024-12-05,google_product_001,Search,4895,0.11954717424516394,4.046002747253274,0.0367593182479103,0
2024-12-06,google_product_001,Search,4568,0.12567427466368986,3.0953856250062337,0.04591442151751855,0
2024-12-07,google_product_001,Search,4522,0.1122726642325615,5.172756845267445,0.04680220360476691,0
2024-12-08,google_product_001,Search,4511,0.14297940422679056,4.665416823691778,0.04307403569719689,0
2024-12-09,google_product_001,Search,4486,0.16399075123339002,5.941217436463749,0.031753877495652394,0
2024-12-10,google_product_001,Search,5188,0.17962003549767305,3.121676922820261,0.04276600765511181,0
2024-12-11,google_product_001,Search,4960,0.1477214692907243,3.6219921009817826,0.05195480650825479,0
2024-12-12,google_product_001,Search,4596,0.14040457430235467,4.231445922525572,0.0340337094138827,0
2024-12-13,google_product_001,Search,4574,0.1545527397674622,4.6464895377257704,0.06097939339132431,0
2024-12-14,google_product_001,Search,4809,0.1249457129510993,3.7843323624523677,0.034743690660146154,0
2024-12-15,google_product_001,Search,4749,0.2126861616508432,3.1270389095462994,0.04032407013340136,0
2024-12-16,google_product_001,Search,4756,0.10177016918645823,4.881407528923571,0.03327514403993664,0
2024-12-17,google_product_001,Search,5002,0.15554221736687174,4.721135362545581,0.042232708359202606,0
2024-12-18,google_product_001,Search,5078,0.21070818657688917,3.083725899436275,0.02257778307364725,0
2024-12-19,google_product_001,Search,5407,0.15020399533679993,5.355442801105496,0.03453958201183279,0
2024-12-20,google_product_001,Search,4820,0.14429882894995516,5.170198709196604,0.02907878799651433,0
2024-12-21,google_product_001,Search,4679,0.13927663731568718,4.134296497247793,0.04135338347892291,0
2024-12-22,google_product_001,Search,4869,0.14458824954712776,4.079597862376036,0.04994447375508908,0
2024-12-23,google_product_001,Search,4958,0.1911854542402959,4.554057771115907,0.046460061871145514,0
2024-12-24,google_product_001,Search,5105,0.08364414266011479,3.138296929743742,0.016283406391411077,0
2024-12-25,google_product_001,Search,5188,0.19600301103888976,4.030031479164082,0.060420696529278804,0
2024-12-26,google_product_001,Search,5063,0.10728128542649565,1.8476164553908196,0.042952799406208685,0
2024-12-27,google_product_001,Search,4821,0.14200043012296756,4.8764556455029355,0.032235008595069996,0
2024-12-28,google_product_001,Search,4824,0.13712266739104015,2.438506777558141,0.04157127918990941,0
2024-12-29,google_product_001,Search,4759,0.16765659809312158,5.503419828428999,0.041761898225026926,0
2024-12-30,google_product_001,Search,5142,0.10205626944348757,3.66987990603355,0.03333151283048436,0
2024-12-31,google_product_001,Search,5227,0.16386517998245828,3.788333018068823,0.041979166673420755,0
